price,bedrooms,bathrooms,sqft_living,sqft_lot,floors,waterfront,view,condition,grade,sqft_above,sqft_basement,yr_built,yr_renovated,zipcode,sqft_living15,sqft_lot15,split
1274950.00,4,2.75,3820,8850,2,0,0,3,10,3820,0,2014,0,98033,2330,12000,train
172380.00,3,1,970,8378,1,0,0,4,6,970,0,1962,0,98023,1050,8563,train
194990.00,6,2.5,1560,7144,1,0,0,3,6,1060,500,1913,0,98118,1300,6232,train
676000.00,4,2.5,2800,5368,2,0,0,3,8,2800,0,2003,0,98074,2790,5368,train
313500.00,3,1.75,1610,7350,1,0,0,3,8,1610,0,1974,0,98058,2120,7350,train
190000.00,3,1,1510,8760,1,0,0,4,6,1510,0,1946,0,98002,1040,7828,train
1705000.00,3,3,2490,27702,2,1,4,3,10,2490,0,2000,0,98116,2580,12119,train
190000.00,3,1,1200,10458,1,0,0,4,6,1200,0,1961,0,98023,1160,9000,train
16980000.00,4,3,3600,9687,2,0,0,4,9,3600,0,1959,1995,98004,2620,10400,train
32500.00,3,2.25,1352,1694,3,0,0,3,8,1352,0,2007,0,98125,1439,1387,train
198500.00,2,1,1050,9600,1,0,0,4,6,1050,0,1959,0,98023,990,8880,train
725000.00,5,2.75,2830,5310,2,0,0,3,9,2830,0,2006,0,98052,3150,6581,train
805000.00,4,2.25,2440,9889,1,0,0,3,7,1540,900,1952,0,98115,1710,6284,train
500000.00,4,2.5,2900,5760,1,0,0,4,8,1660,1240,1959,0,98118,2250,6098,train
765000.00,5,3,2870,5700,1,0,0,3,7,1950,920,1964,0,98103,1730,5529,train
292000.00,3,2.5,1270,1283,3,0,0,3,7,1270,0,2007,0,98125,1270,1512,train
640000.00,3,2.25,1980,10115,1,0,0,3,8,1980,0,1959,0,98005,2800,10143,train
450000.00,3,2,1680,11250,1,0,0,4,8,1680,0,1967,0,98045,1760,12160,train
4023000.00,3,1.75,1480,4050,1,0,0,3,7,870,610,1926,0,98115,1350,4500,train
39250.00,4,2,1950,8040,1,0,0,3,7,1950,0,1961,0,98125,1950,8092,train
329000.00,5,2.75,2570,7260,2,0,0,3,8,2570,0,1996,0,98092,2200,7421,train
615000.00,2,1.5,880,2400,1.5,0,0,3,7,880,0,1929,0,98122,1220,4440,train
347500.00,3,2.5,1890,7053,2,0,0,4,8,1890,0,1992,0,98031,2000,7226,train
810000.00,3,1.5,1520,9041,1,0,0,4,7,1520,0,1954,0,98004,3260,10020,train
639000.00,3,2.25,1400,2421,2,0,0,3,9,1400,0,2005,0,98034,1500,2743,train
790000.00,4,2.5,3500,7519,2,0,0,3,9,3500,0,2004,0,98053,3920,7982,train
610000.00,4,2.5,2980,5896,2,0,0,3,8,2980,0,2001,0,98053,2900,5712,train
576250.00,2,1.75,1530,5000,2,0,0,4,7,1260,270,1989,0,98107,1470,5000,train
4495000.00,4,3,2580,7299,2,0,0,3,8,2580,0,1998,0,98058,2250,6165,train
72999.00,6,4.5,3600,6110,2,0,0,3,9,2510,1090,2012,0,98118,1360,5800,train
264950.00,4,1,1810,7500,1,0,0,2,7,1410,400,1959,0,98168,1250,6255,train
749500.00,4,2.75,2490,3840,1.5,0,0,4,7,1610,880,1922,0,98103,1420,4000,train
439000.00,3,2.25,1830,13477,1,0,3,4,7,1170,660,1981,0,98034,1960,11344,train
440000.00,3,1.5,1270,1443,3,0,0,3,8,1270,0,2007,0,98115,1270,1413,train
1125000.00,6,4.25,3100,9378,3,0,2,3,11,3100,0,1978,0,98112,3270,6334,train
224950.00,3,1.5,1630,9282,1,0,0,4,7,1630,0,1963,0,98022,1420,9282,train
368000.00,3,1.75,1750,14400,1,0,0,4,7,1750,0,1951,0,98166,2030,14400,train
480000.00,4,2.25,2520,2370,2,0,0,3,8,1690,830,1908,0,98122,1530,2370,train
8397040.00,4,3.25,2950,4161,2,0,0,3,10,2210,740,2014,0,98027,2790,3693,train
16000.00,3,1,1200,8360,1,0,0,2,6,1200,0,1948,0,98118,1570,6823,train
724500.00,3,3.25,3240,4185,2,0,0,3,8,2770,470,2011,0,98075,2660,4692,train
550285.00,2,1.75,1680,4500,1,0,0,3,8,1680,0,2004,0,98053,1670,4500,train
250000.00,3,1.5,1072,4339,2,0,0,3,7,1072,0,2009,0,98042,1443,4341,train
464500.00,4,2.5,1750,11381,1,0,0,4,7,1610,140,1947,0,98155,1080,11375,train
593500.00,3,1,1370,4000,2,0,0,4,8,1370,0,1918,0,98105,1370,4000,train
394950.00,3,2.5,1350,1250,3,0,0,3,8,1270,80,2006,0,98136,1350,886,train
627500.00,4,1,1560,4080,1.5,0,0,3,7,1560,0,1923,0,98103,1890,4080,train
316500.00,3,2.5,1770,3873,2,0,0,3,7,1770,0,2005,0,98058,2280,4330,train
3825000.00,3,1.75,1040,9000,1,0,0,4,7,1040,0,1967,0,98027,1750,10878,train
25000.00,4,1.5,1220,4900,1,0,0,3,6,1220,0,1942,0,98118,1410,3000,train
362000.00,3,2.75,1420,955,2,0,0,3,8,1160,260,2004,0,98029,1420,955,train
202000.00,2,1,740,6550,1,0,0,4,5,740,0,1946,0,98168,1080,8515,train
1075000.00,4,2.25,2820,5000,1.5,0,2,4,9,1800,1020,1926,0,98122,2880,6000,train
420000.00,3,1.75,1820,22320,1,0,0,3,7,1250,570,1977,0,98053,2030,22320,train
770000.00,3,2.5,2730,11380,2,0,0,3,10,2730,0,1995,0,98075,2800,10070,train
470000.00,4,2.75,2310,7350,1,0,0,3,8,1670,640,1989,0,98011,2600,6077,train
639000.00,4,2.5,2500,8540,2,0,0,3,9,2500,0,1990,0,98029,2560,8475,train
408200.00,3,2.5,1800,5761,2,0,0,4,7,1800,0,1990,0,98106,1800,5952,train
5085000.00,4,1.5,1800,6750,1.5,0,0,4,7,1800,0,1950,0,98115,1420,5900,train
40000.00,2,1,920,5120,1,0,0,5,7,920,0,1952,0,98136,1190,5120,train
608000.00,3,2.25,1720,5234,2,0,0,3,9,1240,480,2011,0,98118,1720,5825,train
592350.00,2,2,1570,4665,1,0,0,3,8,1570,0,2006,0,98053,2165,6262,train
363000.00,2,2,920,1201,2,0,0,3,8,800,120,2009,0,98144,1150,1161,train
450000.00,2,1.5,1020,1049,3,0,0,3,8,1020,0,2008,0,98103,1350,1395,train
485000.00,3,2.5,2340,59058,1,0,0,3,8,2340,0,1985,0,98038,2700,37263,train
300000.00,4,2.5,2700,10814,1,0,0,4,8,1560,1140,1966,0,98030,2460,6310,train
215000.00,3,1,960,7200,1,0,0,4,6,960,0,1958,0,98166,1060,7620,train
1655000.00,4,2.25,3530,5500,2,0,0,3,8,2860,670,1940,0,98105,2840,5500,train
7750000.00,3,3,1820,4300,1.5,0,0,4,8,1620,200,1914,1983,98107,1440,4300,train
35000.00,2,1,800,5150,1,0,0,4,6,800,0,1949,0,98118,1280,5150,train
295000.00,3,2.5,1570,6932,2,0,0,3,7,1570,0,1993,0,98038,1570,6271,train
699000.00,3,2.5,2680,5497,2,0,0,3,9,2680,0,2001,0,98052,2780,5497,train
431000.00,3,1.75,1630,9000,1,0,0,4,7,1630,0,1956,0,98166,1600,11120,train
550000.00,4,2,2070,9822,1,0,0,5,7,2070,0,1955,0,98006,1300,9572,train
271000.00,4,1.75,1710,7200,1,0,0,5,7,910,800,1975,0,98031,1730,7200,train
765000.00,3,1.75,2190,6450,1,0,0,3,8,1480,710,1957,0,98136,2190,6450,train
244500.00,2,1,910,9000,1,0,0,3,5,910,0,1923,0,98065,1290,9000,train
347500.00,4,2.5,2460,7350,2,0,0,3,9,2460,0,1989,0,98023,2390,8568,train
2350000.00,4,2.5,1810,39639,1,0,0,3,7,1230,580,1970,0,98042,1810,44866,train
35000.00,3,2.5,1630,3425,2,0,0,3,8,1630,0,1999,0,98059,1420,3425,train
390000.00,2,1,860,1800,1,0,0,3,7,860,0,1909,0,98119,2160,3120,train
242000.00,3,1.75,1500,7560,1,0,0,3,7,1500,0,1979,0,98003,1500,7560,train
518000.00,3,1,1270,6612,1.5,0,3,3,7,1270,0,1927,0,98118,2100,7680,train
488000.00,5,2,2020,5000,1.5,0,0,4,7,2020,0,1938,0,98117,1510,6600,train
630000.00,4,2,2000,5000,1.5,0,0,5,7,2000,0,1925,0,98144,2200,5000,train
630000.00,3,1.75,1710,8767,1,0,0,4,8,1710,0,1986,0,98033,2050,9200,train
641000.00,4,3.25,2760,4104,2,0,0,3,8,1900,860,2014,0,98056,2760,5186,train
653000.00,3,2.25,2800,17300,1,0,0,4,8,1420,1380,1971,0,98006,2140,12650,train
3200000.00,3,1.75,2220,11646,1,0,0,3,7,1270,950,1950,0,98028,1490,10003,train
58900.00,5,2,3930,10150,1.5,0,0,4,8,3070,860,1968,0,98008,2200,8190,train
470000.00,3,3.25,1710,2381,2,0,0,3,8,1360,350,2003,0,98029,1420,1163,train
254000.00,5,2,2080,16117,1,0,0,5,7,1740,340,1959,0,98001,1510,13068,train
507200.00,3,3.5,1630,1329,2,0,0,3,9,1360,270,2000,0,98122,1580,1319,train
330490.00,3,2.75,1440,7350,1,0,0,4,7,1040,400,1980,0,98058,1510,7350,train
379900.00,3,2.5,2190,5071,2,0,0,3,8,2190,0,2004,0,98038,2300,5654,train
400000.00,4,1.75,1770,12875,1,0,0,3,8,1770,0,1988,0,98028,2150,12875,train
525000.00,3,1.5,1840,10956,1,0,0,4,8,1840,0,1970,0,98033,1680,10950,train
147500.00,3,1.75,1010,6552,1,0,0,3,7,1010,0,1969,0,98042,1010,6552,train
15150000.00,4,4,4500,11795,2,0,0,3,12,4500,0,1991,0,98027,3930,11576,train
42700.00,3,2.5,2620,108464,2,0,0,4,8,2620,0,1990,0,98038,3190,105850,train
917000.00,4,2.5,3500,10891,2,0,2,3,10,3500,0,1995,0,98027,3820,13521,train
412000.00,3,1,1000,3844,1,0,0,5,7,900,100,1928,0,98133,1000,3920,train
242000.00,3,1,970,9600,1,0,0,3,7,970,0,1972,0,98045,1110,9600,train
374000.00,2,2.25,1100,1695,2,0,0,3,9,1100,0,2009,0,98118,1100,3082,train
460000.00,3,1.75,2560,8400,1,0,0,3,7,1970,590,1959,0,98011,1970,8400,train
1088000.00,3,2.5,2920,8113,2,0,0,3,8,2920,0,1950,2010,98004,2370,8113,train
232000.00,3,1.5,1390,11340,1,0,0,4,7,1390,0,1963,0,98031,1740,11340,train
275000.00,3,1.5,1170,1174,2,0,0,3,7,840,330,2007,0,98126,1170,2537,train
295000.00,3,17.5,1250,9486,1,0,0,4,6,1250,0,1971,0,98070,1270,9600,train
1250000.00,4,3.25,38200,24166,2,0,1,4,11,3310,510,1990,0,98040,2900,18786,train
995000.00,4,3.25,3530,200120,2,0,0,3,11,3530,0,1986,0,98052,3850,20707,train
289950.00,3,2.5,1960,3480,2,0,0,3,7,1960,0,2004,0,98056,2560,3500,train
470000.00,2,1,1220,4000,1.5,0,0,4,6,1220,0,1908,0,98103,1580,4000,train
479349.00,5,3,3223,6371,2,0,0,3,9,3223,0,2014,0,98042,1979,9008,train
315000.00,3,2.5,1660,10763,2,0,0,3,7,1660,0,1994,0,98038,2010,7983,train
345000.00,2,1,1770,16660,1,0,3,3,8,1220,550,1957,0,98023,2790,20504,train
630500.00,3,2.5,1909,1300,3,0,0,3,8,1766,143,2006,0,98103,1780,1248,train
330000.00,3,2.5,1870,4657,2,0,0,3,8,1870,0,2000,0,98055,2290,4795,train
274250.00,3,1,910,8450,1,0,0,4,6,910,0,1962,0,98059,1400,8040,train
319990.00,3,22.5,1840,7326,1,0,0,5,7,1370,470,1979,0,98031,2050,7475,train
300000.00,3,2.25,17600,5421,2,0,0,3,7,1760,0,1991,0,98038,1570,6000,train
535000.00,4,2.75,2360,151000,1,0,0,3,8,2360,0,2014,0,98146,1440,13346,train
370000.00,4,2.5,1812,5026,2,0,0,3,8,1812,0,2011,0,98055,2440,6007,train
320000.00,4,2.5,1940,7040,2,0,0,3,8,1940,0,1998,0,98092,2400,7145,train
540000.00,4,1.75,1720,4240,1.5,0,0,4,7,1460,260,1925,0,98144,1930,4280,train
387000.00,2,2.25,1230,1280,2,0,0,3,8,960,270,2012,0,98144,1130,1357,train
393000.00,3,2.25,2140,10256,2,0,0,3,8,2140,0,1987,0,98038,2040,11717,train
370000.00,6,2.75,3240,5750,1,0,0,4,6,2160,1080,1950,0,98002,1230,5750,train
550000.00,2,1,1420,3100,1,0,0,3,7,820,600,1924,0,98107,1420,3915,train
543200.00,6,22.5,2820,15600,1.5,0,2,5,7,1970,850,1940,0,98166,2520,7797,train
715000.00,5,3,34900,6091,2,0,0,3,9,3490,0,2009,0,98011,2870,5932,train
580000.00,3,2.5,2200,110000,2,0,2,3,9,2200,0,1978,0,98008,2200,12851,train
650000.00,5,3.5,3960,25245,2,0,0,3,9,2500,1460,1996,0,98056,2640,13675,train
385000.00,3,1.75,2160,5863,1.5,0,0,4,7,1260,900,1928,0,98144,1590,3000,train
693000.00,3,2.25,2120,13644,2,0,1,4,9,1420,700,1973,0,98040,2950,17060,train
445500.00,4,1.5,2210,10497,1,0,0,4,8,1650,560,1953,0,98166,1840,12697,train
275000.00,3,1,1000,8018,1,0,0,3,7,1000,0,1969,0,98034,1270,8000,train
1735000.00,4,3.5,4010,9654,2,0,0,3,10,4010,0,2007,0,98004,1870,9873,train
397950.00,4,1.75,2120,7620,2,0,0,3,8,2120,0,1971,2002,98166,1820,7620,train
415500.00,3,15,1240,12400,1,0,0,3,7,1240,0,1958,0,98007,1640,9600,train
303000.00,3,2.25,13400,873,3,0,0,3,8,1340,0,2009,0,98133,1340,1186,train
575000.00,2,1,980,36630,1,0,0,5,7,980,0,1909,0,98105,1620,3706,train
499950.00,5,3.5,3200,43560,2,0,0,3,7,3200,0,1989,0,98059,2730,43560,train
455000.00,4,1,1340,5800,1.5,0,2,3,7,1340,0,1914,0,98116,1900,5800,train
370000.00,5,2.5,2250,10400,1,0,0,3,8,1280,970,1973,0,98058,2140,9592,train
1165000.00,4,3.75,3920,4500,3,0,0,3,8,3920,0,2013,0,98103,2040,3000,train
687000.00,4,2.5,2370,10083,2,0,0,5,8,2370,0,1966,0,98033,2370,10133,train
439950.00,4,2.5,2380,12067,2,0,0,3,7,2380,0,2002,0,98059,2330,8621,train
809000.00,5,4.5,4630,6324,2,0,0,3,9,3210,1420,2006,0,98065,4420,6790,train
268500.00,2,10,790,8424,1,0,0,4,6,790,0,1953,0,98133,1470,8424,train
468000.00,3,1.5,13700,7697,1,0,0,3,7,1370,0,1939,0,98177,1370,7697,train
265953.00,3,1.75,1470,130680,1,0,0,4,7,1470,0,1975,0,98092,2090,16988,train
226800.00,2,1,1240,11393,1,0,0,4,7,1240,0,1960,0,98030,1660,11393,train
733000.00,6,2.75,2730,5000,1,0,0,3,8,1780,950,1962,0,98107,2090,5000,train
240000.00,2,1,1320,24319,1,0,0,3,7,1320,0,1966,0,98027,1430,98445,train
420000.00,3,3.5,1900,2133,2,0,0,3,8,1520,380,2009,0,98126,1530,3264,train
615000.00,4,2.25,1780,10260,2,0,0,3,8,1780,0,1971,0,98052,2360,10080,train
725000.00,3,1.75,1880,13300,1,0,0,3,7,1380,500,1967,0,98004,3550,10883,train
1800000.00,4,3.5,6370,205603,2,0,0,3,12,6370,0,2008,0,98027,1490,33580,train
435000.00,4,25,1700,6380,1,0,0,4,7,850,850,1940,0,98115,1380,6380,train
319000.00,2,1,9600,4400,1,0,0,4,7,960,0,1951,0,98118,1520,5000,train
285000.00,3,1.75,1020,50000,1,0,0,5,6,1020,0,1954,0,98118,1360,5000,train
652000.00,3,1,1470,6122,1,0,0,3,8,1200,270,1948,0,98199,2200,6122,train
194000.00,3,1.75,1260,10488,1,0,0,2,7,1110,150,1952,0,98106,1540,9120,train
508000.00,2,1,1200,2500,2,0,2,3,7,1090,110,1927,0,98112,2690,4800,train
960000.00,5,3.5,4510,16305,2,0,0,3,10,2820,1690,2003,0,98074,4330,18741,train
265000.00,2,1,620,4760,1,0,0,3,6,620,0,1941,0,98126,620,4760,train
246700.00,3,2,1610,13309,1,0,0,4,7,1610,0,1967,0,98042,1610,15725,train
409900.00,3,2.5,1690,1200,2,0,0,3,8,1410,280,2013,0,98106,1690,1760,train
735000.00,4,25,2470,2550,3,0,0,3,8,2470,0,2004,0,98117,1270,3060,train
269950.00,3,2.25,16600,7003,2,0,0,3,7,1660,0,1996,0,98030,1840,6680,train
333490.00,4,2.5,2250,39160,2,0,0,3,8,2250,0,2014,0,98003,2156,3920,train
800000.00,4,2.75,3260,5000,2,0,0,3,9,3260,0,2007,0,98027,3450,6218,train
259950.00,3,1,1460,5825,1,0,0,5,5,1260,200,1942,0,98056,1150,5926,train
600000.00,3,1,1440,4300,1.5,0,0,3,8,1440,0,1929,0,98117,1640,4500,train
426250.00,4,1,1610,6000,1.5,0,0,4,7,1510,100,1905,0,98118,1430,6000,train
249900.00,3,1,1100,5000,1,0,0,3,7,1100,0,1960,0,98118,1020,5000,train
790100.00,4,2.5,2590,9341,2,0,0,3,8,2590,0,1985,0,98052,2280,9510,train
290000.00,3,2.5,1420,3542,2,0,0,3,8,1310,110,2007,0,98133,1180,1622,train
373000.00,3,20,1400,2445,1,0,0,3,7,840,560,2002,0,98144,1400,3200,train
140000.00,2,1,10800,6052,1,0,0,5,6,1080,0,1908,0,98030,1810,7830,train
702500.00,3,1.5,2360,67500,2,0,0,5,7,1930,430,1926,0,98103,1320,4500,train
425000.00,4,2,1520,7983,1,0,0,5,7,1520,0,1967,0,98034,1520,7783,train
299999.00,4,2,1640,7200,1,0,0,5,6,820,820,1944,0,98166,1640,8200,train
321000.00,5,2.75,3030,7000,1,0,0,4,7,1540,1490,1978,0,98032,1790,7330,train
555000.00,2,1,1550,4600,1,0,0,4,7,1050,500,1941,0,98117,1550,4600,train
529500.00,3,2.25,1410,905,3,0,0,3,9,1410,0,2014,0,98116,1510,1352,train
250000.00,3,2.5,2070,8400,2,0,0,4,8,2070,0,1990,0,98002,2070,9239,train
658588.00,3,2.25,2560,41346,2,0,0,3,10,2560,0,1986,0,98027,3040,35395,train
1175000.00,3,15,1970,23180,1,1,4,3,8,1100,870,1937,1998,98136,3030,34689,train
1555000.00,5,2.5,28700,16238,2,0,0,4,8,2870,0,1962,0,98039,2870,16238,train
319000.00,3,1,960,85560,1,0,0,3,7,960,0,1971,0,98034,1320,7528,train
499000.00,6,1.75,2400,7500,1.5,0,0,3,7,1400,1000,1975,0,98155,1980,7500,train
460000.00,3,1.75,1660,9900,2,0,0,3,8,1660,0,1978,0,98033,1720,6600,train
410000.00,4,2.5,1700,9000,1,0,0,5,7,1700,0,1972,0,98034,1370,7592,train
386500.00,3,2.25,2950,8036,1.5,0,0,3,8,1950,1000,1963,0,98125,2060,7200,train
450000.00,3,1.5,1530,23660,1,0,0,3,7,1530,0,1952,0,98155,1800,11407,train
347500.00,4,2.75,2290,7000,2,0,0,3,8,2290,0,1977,0,98058,2000,7200,train
840000.00,4,2.75,2600,2750,1.5,0,0,3,7,1620,980,1936,0,98119,1960,3705,train
462500.00,4,1,1540,4500,1.5,0,0,2,7,1540,0,1905,0,98116,1920,6000,train
185000.00,3,1,980,9135,1,0,0,3,7,980,0,1955,0,98001,1780,9135,train
520000.00,3,1.75,1490,1036,2,0,0,3,10,1090,400,2008,0,98199,1460,1206,train
371000.00,3,1,890,7200,1,0,0,3,7,890,0,1951,0,98125,1630,7455,train
675000.00,3,3,2980,28000,1,0,0,3,10,1820,1160,1981,0,98052,2570,28500,train
110000.00,2,1,828,4524,1,0,0,3,6,828,0,1968,2007,98001,828,5402,train
289275.00,3,2,2860,24046,1,0,0,3,9,1700,1160,1985,0,98019,1460,13648,train
309950.00,3,2.5,1880,7838,2,0,0,3,7,1880,0,1994,0,98055,1810,7915,train
382000.00,2,1,870,10492,1,0,0,3,7,870,0,1937,0,98106,1300,7987,train
336600.00,3,2.25,1654,8464,2,0,0,3,7,1654,0,1995,0,98038,1975,8515,train
324500.00,3,2.5,1590,4108,2,0,0,3,7,1590,0,2003,0,98056,2160,3912,train
325000.00,3,1,1920,6862,1,0,2,3,7,1120,800,1952,0,98118,2000,6900,train
549995.00,4,3.5,2970,6587,2,0,0,3,8,2260,710,2014,0,98059,2970,5690,train
665000.00,4,2.5,2790,43091,2,0,0,4,9,2790,0,1989,0,98077,2750,35290,train
525000.00,3,1.5,1380,4290,1,0,0,3,7,1080,300,1955,0,98107,1510,3900,train
195000.00,2,1,1280,7861,1,0,0,4,6,1280,0,1913,0,98002,1020,6480,train
324900.00,4,2.25,2010,7280,2,0,0,4,8,2010,0,1988,0,98032,1660,7579,train
750000.00,4,2.75,3170,7634,2,0,0,3,10,3170,0,1992,0,98075,2940,7846,train
599000.00,5,2.75,2730,22572,1,0,0,3,7,2080,650,1968,1992,98075,2260,15458,train
615500.00,3,1.5,1810,5080,1,0,0,3,7,1030,780,1958,0,98115,1780,7620,train
687500.00,3,1.75,2450,9377,1,0,2,4,8,1540,910,1962,0,98125,2520,9725,train
145000.00,3,1,1010,5490,1,0,0,3,6,1010,0,1954,0,98168,1740,10658,train
1625000.00,4,3.75,4410,8112,3,0,4,3,11,3570,840,2003,0,98116,2770,5750,train
255000.00,3,2,1590,8670,1,0,0,3,7,1590,0,1994,0,98042,1590,9253,train
285000.00,4,2,2120,6865,1,0,0,3,7,1060,1060,1954,0,98133,1460,7780,train
560000.00,3,2,1840,14985,1,0,0,3,7,1840,0,1968,0,98033,2300,16067,train
456000.00,4,1.75,1670,9886,1,0,0,5,7,1670,0,1947,0,98125,2590,9997,train
500000.00,3,1.5,1220,962,3,0,0,3,8,1220,0,2014,0,98107,1510,2501,train
220000.00,4,1.75,2020,7840,1,0,0,3,7,1010,1010,1968,0,98003,1750,8140,train
315000.00,3,1.75,1410,15134,1,0,0,3,7,1410,0,1980,0,98014,1770,15337,train
270000.00,4,1,1900,8505,1,0,0,3,7,1200,700,1956,0,98055,1440,8505,train
3204000.00,4,4,4810,18851,4,0,3,3,11,4810,0,2007,0,98004,3970,19929,train
599950.00,6,3,2020,4129,1,0,0,3,7,1230,790,1994,0,98105,2080,4080,train
945000.00,4,2,2840,13367,1,0,0,3,7,1420,1420,1952,0,98004,2840,12744,train
690000.00,3,1.5,1710,17707,1,0,0,4,7,1180,530,1947,0,98040,2590,9508,train
317000.00,3,1,1160,8813,1,0,0,3,7,1160,0,1952,0,98125,1200,7615,train
700000.00,4,2.5,2580,15031,2,0,0,3,9,2580,0,1999,0,98052,3030,10361,train
650000.00,3,2,1840,3075,1,0,0,5,7,920,920,1928,0,98103,1480,3774,train
766500.00,2,1.75,2230,6930,1,0,0,4,8,1530,700,1947,0,98105,1970,6930,train
229999.00,4,2,1670,5200,1,0,0,4,7,1030,640,1977,0,98042,1500,5200,train
715000.00,4,3.25,2630,7770,2,0,0,3,9,2630,0,2014,0,98126,1370,7770,train
621138.00,3,2.25,2180,7741,2,0,0,3,9,2180,0,1986,0,98074,2300,8581,train
774950.00,4,2.5,3410,179419,2,0,0,3,10,3410,0,2004,0,98010,3350,175421,train
733000.00,3,2.5,2160,9888,2,0,0,4,9,2160,0,1989,0,98052,3060,7829,train
319950.00,2,2.5,1280,819,2,0,0,3,8,1060,220,2006,0,98103,1290,2900,train
1227500.00,4,2.5,3180,10319,2,0,0,4,11,3180,0,1986,0,98040,3130,12120,train
842000.00,3,1,1620,4774,1.5,0,0,3,7,1620,0,1920,0,98103,1880,4560,train
179000.00,2,1,990,8760,1,0,0,3,7,990,0,1977,0,98003,1560,11880,train
379000.00,3,2.5,1580,3075,2,0,0,3,8,1580,0,2013,0,98126,1710,2934,train
411100.00,3,1.5,1040,10323,1,0,0,4,7,1040,0,1958,0,98005,1580,7200,train
294500.00,3,2.5,1760,2688,2,0,0,3,7,1760,0,2005,0,98059,1760,2329,train
1015000.00,3,3.25,3620,4000,2,0,0,3,10,2730,890,2005,0,98199,1910,5000,train
279800.00,3,1.75,1410,2052,2,0,0,3,8,1410,0,2014,0,98106,1410,1988,train
528000.00,5,1.75,2780,7786,1,0,0,3,8,1390,1390,1966,0,98052,2130,7918,train
2900000.00,4,3.25,4580,4838,2,0,3,4,11,3080,1500,1991,0,98109,3540,6483,train
770000.00,4,3.5,3680,2242,2.5,0,0,3,9,2670,1010,1930,2007,98112,1350,1288,train
472000.00,5,2.25,1780,7245,1,0,0,4,8,1330,450,1976,0,98052,1780,7653,train
506950.00,3,2.5,2080,4931,2,0,0,3,8,2080,0,2000,0,98065,1890,4229,train
453000.00,4,1.75,2120,7420,1,0,0,4,7,1060,1060,1956,0,98008,1540,7420,train
419950.00,3,3,2150,3962,1.5,0,0,3,7,1540,610,1949,0,98125,1730,4609,train
219000.00,3,1,1080,10639,1.5,0,0,3,7,1080,0,1953,0,98002,1470,10600,train
265000.00,2,2,1860,10856,1,0,0,3,8,1260,600,1952,0,98178,1250,10008,train
470000.00,3,1.75,2290,14800,1,0,0,3,8,1620,670,1965,0,98155,2320,12474,train
1242500.00,4,2.75,2680,8500,1,0,4,4,9,1480,1200,1962,0,98006,2940,8650,train
273000.00,2,0.5,1180,7750,1,0,0,4,6,590,590,1945,0,98155,1380,8976,train
924000.00,3,1.5,2200,5000,1.5,0,0,3,9,2200,0,1932,0,98199,2860,5000,train
485000.00,4,1.75,2050,8913,1,0,0,3,7,1330,720,1968,0,98052,1290,8550,train
1715000.00,4,2.5,3070,7207,2,0,0,4,10,2670,400,1927,0,98112,3190,7523,train
395000.00,4,2.5,2740,8336,2,0,0,4,9,2740,0,1990,0,98031,2460,9189,train
860000.00,3,2,2090,4190,1.5,0,0,4,8,1490,600,1930,0,98122,2090,6270,train
1065500.00,3,2.25,2950,7232,1,0,2,3,8,1520,1430,1983,0,98136,2130,7140,train
709000.00,3,2,2360,18000,1,0,0,4,8,2180,180,1951,0,98177,2600,17300,train
245000.00,3,2.5,1730,7442,2,0,0,3,7,1730,0,1987,0,98030,1630,6458,train
632000.00,6,2.5,2560,8320,1,0,0,3,7,1370,1190,1961,0,98125,2360,7800,train
378000.00,3,1.5,1050,57499,1,0,0,3,7,1050,0,1975,0,98024,1460,42688,train
485000.00,2,1,1080,4080,1,0,0,3,8,1080,0,1948,0,98115,1890,4080,train
250000.00,2,1.5,1160,1086,2,0,0,3,7,890,270,2006,0,98155,1160,1086,train
252000.00,3,2,1420,6788,2,0,0,3,7,1420,0,1990,0,98023,1790,6607,train
423000.00,4,2.5,2320,4254,2,0,0,3,8,2320,0,2004,0,98059,2330,4602,train
580000.00,5,2,2060,6000,2,0,0,3,7,2060,0,1903,0,98105,1770,5000,train
415000.00,4,2.5,2210,213008,1,0,0,4,7,1210,1000,1975,0,98038,2270,52707,train
297000.00,2,1.5,1430,1650,3,0,0,3,7,1430,0,1999,0,98125,1430,1650,train
240000.00,3,1,1340,7000,1,0,0,4,7,1340,0,1978,0,98042,1850,7904,train
562000.00,4,2.25,2170,7007,1,0,0,3,8,1540,630,1974,0,98033,2040,7700,train
613200.00,3,2.75,2050,3320,1.5,0,0,4,7,1580,470,1927,0,98105,1760,4150,train
475000.00,4,2.25,2680,4673,2,0,0,3,7,2680,0,1999,0,98011,2460,4645,train
293000.00,3,2.25,1910,3481,2,0,0,3,8,1910,0,2009,0,98055,1714,3177,train
440000.00,4,2,2310,5004,1,0,0,3,7,1430,880,1994,0,98108,1630,5060,train
156000.00,2,1,920,5889,1,0,0,4,6,920,0,1950,0,98002,1210,6180,train
650000.00,4,2.5,3420,222156,2,0,0,3,9,3420,0,2002,0,98010,3340,222156,train
415000.00,3,2.75,3900,111514,2,0,0,3,6,3460,440,1967,2008,98024,2460,217800,train
1260000.00,4,2.5,2880,9003,2,0,0,3,10,2880,0,2008,0,98033,2640,8126,train
740000.00,3,1.5,1630,4080,1.5,0,0,4,8,1630,0,1927,0,98115,1950,4080,train
735000.00,3,2,1610,3600,2,0,2,5,8,1610,0,1925,0,98144,2540,6600,train
797000.00,4,2.75,2650,8610,2,0,0,3,8,2650,0,1959,2007,98008,1680,8316,train
650000.00,4,2.5,3350,46748,2,0,0,3,10,3350,0,2004,0,98010,3350,39683,train
557500.00,4,2.5,2390,38258,2,0,0,3,8,2390,0,2001,0,98072,1960,17113,train
310000.00,3,1,1210,9730,1,0,0,4,7,1210,0,1953,0,98133,1470,9730,train
444000.00,4,3,2800,7198,2,0,0,3,8,2800,0,2002,0,98038,3610,7845,train
171000.00,4,2,1520,19672,1,0,0,3,6,1020,500,1920,0,98188,1810,7840,train
381000.00,3,2.5,1470,3999,2,0,0,3,7,1470,0,2003,0,98065,1960,4444,train
630000.00,4,2.5,2740,43101,2,0,0,3,9,2740,0,1993,0,98077,2740,33447,train
848000.00,3,2.75,2170,2738,1.5,0,0,4,9,1550,620,1930,0,98109,1170,1062,train
580000.00,3,2.75,2660,32757,1,0,0,4,8,2660,0,1975,0,98077,2720,35191,train
785000.00,2,0.75,1260,4800,1.5,0,2,4,6,1080,180,1942,0,98033,2660,7200,train
985000.00,3,3.5,2600,11920,2,0,0,5,8,2600,0,1969,0,98004,2430,10050,train
425000.00,3,2.75,3610,107386,1.5,1,3,3,8,3130,480,1918,1962,98023,2630,42126,train
289950.00,4,1.75,1500,8400,1,0,0,3,7,1200,300,1956,0,98188,1780,9913,train
870000.00,4,2,3090,41147,1,0,0,3,7,3090,0,1990,0,98052,3300,34280,train
275000.00,2,1,900,57063,1,0,0,4,6,900,0,1938,0,98045,1440,268765,train
825000.00,5,1.75,2330,6000,1.5,0,0,3,8,2080,250,1937,0,98199,2150,6000,train
287500.00,4,2.25,2250,12000,2,0,0,3,8,2250,0,1985,0,98032,2140,11871,train
354000.00,3,1.75,1340,6300,1,0,0,3,7,1340,0,1972,0,98034,1780,7200,train
450000.00,4,2.25,1990,7320,1,0,0,4,7,1030,960,1965,0,98126,1320,7320,train
912000.00,4,2.75,4030,10888,2,0,0,3,10,4030,0,1997,0,98075,3720,10756,train
524000.00,3,2.25,1370,1007,3,0,0,3,8,1330,40,2009,0,98107,1570,1635,train
335900.00,4,2.75,2475,4000,2,0,0,3,7,2475,0,2014,0,98002,2475,4000,train
830000.00,4,2.5,3400,9692,2,0,0,3,9,3400,0,2007,0,98052,3070,7375,train
390000.00,1,1.75,1440,4920,1,0,0,3,7,720,720,1923,0,98126,1440,4920,train
235000.00,3,1,1250,15603,1,0,0,4,7,1250,0,1959,0,98056,1720,10220,train
620000.00,3,2.25,2190,45738,1,0,0,3,8,2190,0,1990,0,98052,2970,4496,train
225800.00,4,1,1100,7110,1,0,0,4,7,880,220,1907,0,98030,1150,7110,train
638000.00,3,3.25,1720,1587,2.5,0,2,3,9,1410,310,2004,0,98122,1490,1620,train
335000.00,4,1.75,1950,13440,1.5,0,0,4,6,1950,0,1931,0,98065,1300,7432,train
346300.00,4,2.5,2590,11018,2,0,0,3,8,2590,0,1998,0,98092,2400,8042,train
245000.00,4,2.25,2190,9113,2,0,0,3,7,2190,0,1986,0,98001,1570,8306,train
445000.00,4,2.5,2360,81892,1,0,0,3,8,2360,0,2000,0,98042,1730,18096,train
402000.00,5,2.75,2770,7620,1,0,0,3,7,1700,1070,1965,0,98106,1720,7620,train
549000.00,2,1,2034,13392,1,1,4,5,7,1159,875,1947,0,98070,1156,15961,train
710000.00,3,1,1400,2250,1.5,0,0,3,7,1400,0,1909,0,98119,1630,3600,train
435000.00,3,2.5,1420,2581,3,0,0,3,7,1420,0,2004,0,98133,1420,2509,train
236000.00,3,1,1300,5898,1,0,0,3,7,1300,0,1961,0,98178,1320,7619,train
970000.00,4,3.5,3780,20023,2,0,2,3,10,3780,0,2001,0,98029,2150,3675,train
673000.00,3,2.75,2830,3496,2,0,0,3,8,2830,0,2012,0,98029,2160,3501,train
985000.00,5,3.5,3890,13261,2,0,1,3,9,2870,1020,1984,0,98125,3080,13261,train
790000.00,4,2.75,2640,9000,2,0,0,3,10,2640,0,1990,0,98052,2980,9137,train
530000.00,4,2.25,2130,8640,1,0,0,3,7,1430,700,1969,0,98034,2120,8826,train
535000.00,3,2.5,1360,1016,3,0,0,3,7,1310,50,2003,0,98115,1365,1156,train
475000.00,7,3.5,2870,29699,1,0,0,3,7,1520,1350,1961,0,98125,1380,7555,train
509950.00,3,2.5,2210,70567,2,0,3,3,9,2210,0,1995,0,98014,2000,73616,train
525000.00,3,2.5,2200,4544,2,0,0,3,8,2200,0,2000,0,98065,2400,5431,train
550000.00,3,3.75,1580,1303,2,0,0,3,8,1340,240,2010,0,98144,1560,1294,train
471000.00,4,2.5,2330,9928,2,0,0,3,8,2330,0,1998,0,98045,2430,8175,train
435000.00,5,2.25,1970,15247,1,0,0,3,7,1450,520,1986,0,98024,1300,10800,train
380000.00,3,1,1380,5400,1,0,0,4,7,1380,0,1954,0,98125,1190,6075,train
406000.00,3,1,1090,11292,1,0,0,4,7,1090,0,1952,0,98133,1570,8198,train
399000.00,3,2,1940,16300,1,0,0,3,7,1140,800,1978,0,98155,1940,11250,train
765000.00,3,1,1220,7585,1,0,0,4,7,1220,0,1954,0,98004,1380,8918,train
535000.00,3,2,2740,23505,2,0,4,3,10,2740,0,1988,0,98001,2800,16400,train
335000.00,4,1,1480,6500,1.5,0,0,4,7,1480,0,1914,0,98118,2380,6000,train
425000.00,4,2.5,2460,5440,2,0,0,3,9,2460,0,2003,0,98058,2460,5124,train
495000.00,5,3.25,2500,7620,1,0,3,3,7,1250,1250,1962,0,98106,2020,7620,train
710000.00,3,3.25,3740,136915,2.5,0,0,3,11,3100,640,1990,0,98166,2400,16104,train
330000.00,3,2.5,2370,9102,2,0,0,3,9,2370,0,1990,0,98023,2530,9883,train
1950000.00,4,2.75,4020,18745,2,0,4,4,10,2830,1190,1989,0,98004,3150,20897,train
264000.00,3,1.5,1470,14821,1,0,0,4,7,1470,0,1958,0,98042,1760,15370,train
775000.00,4,1.75,2320,5595,1,0,0,3,7,1510,810,1956,0,98199,1840,5596,train
199950.00,1,1.5,1048,4800,1,0,0,3,7,1048,0,1942,0,98055,950,4800,train
299000.00,3,2.5,1650,4725,2,0,0,3,8,1650,0,2011,0,98038,2000,4725,train
515000.00,2,2.25,2690,15000,1,0,2,3,8,1870,820,1987,0,98023,2690,15000,train
675000.00,3,2,1010,5973,1,0,0,5,6,1010,0,1942,0,98033,1920,6015,train
875000.00,4,2,2520,6000,1,0,0,3,8,1400,1120,1921,2007,98103,1580,3720,train
991700.00,4,3,2290,2350,2,0,1,3,9,1610,680,1924,2011,98116,1610,3820,train
359950.00,3,1,1400,4980,1,0,0,3,6,950,450,1943,0,98133,990,4980,train
505000.00,2,3,2770,10800,1.5,0,0,5,8,1910,860,1984,0,98074,2140,10800,train
240000.00,3,1.75,1780,5000,1.5,0,0,3,6,1080,700,1957,0,98146,1500,5000,train
565000.00,3,3,1850,12556,2,0,0,3,9,1850,0,1976,0,98074,2390,12474,train
235000.00,3,1,1250,7592,1,0,0,5,7,1250,0,1961,0,98042,1250,7592,train
500000.00,5,3.25,3130,12087,2,0,0,3,8,2180,950,1975,0,98027,2410,10350,train
190000.00,3,1,950,7610,1,0,0,3,7,950,0,1983,0,98092,1360,7938,train
430000.00,3,1.75,1440,4025,1,0,0,4,6,720,720,1917,0,98126,1500,5750,train
414000.00,5,3,3045,5030,2,0,0,3,8,3045,0,1999,0,98058,3045,5322,train
337000.00,3,1,1070,6109,1,0,0,5,7,1070,0,1951,0,98125,1170,7200,train
255500.00,3,1,1350,8700,1.5,0,0,3,6,1350,0,1942,0,98188,1300,8700,train
605125.00,2,1,1160,5029,1,0,0,3,7,910,250,1940,0,98115,1220,5029,train
420000.00,3,2.25,1620,1075,3,0,0,3,8,1540,80,2009,0,98027,1620,1237,train
335000.00,4,1.5,3160,19745,1.5,0,0,4,6,1840,1320,1968,0,98010,1540,8611,train
230000.00,3,1,1120,32250,1,0,0,4,6,1120,0,1934,0,98070,1010,335289,train
400000.00,2,2.5,1340,1240,2,0,0,3,8,1150,190,2008,0,98052,1280,1312,train
207000.00,2,1,1130,8160,1,0,0,4,6,1130,0,1952,0,98168,1060,6120,train
670950.00,3,2.5,1790,2375,3,0,0,3,8,1790,0,2007,0,98107,1450,2400,train
640000.00,4,2.5,2970,34981,2,0,0,3,9,2970,0,1998,0,98077,3170,30277,train
190000.00,2,2.5,1100,1737,2,0,0,3,8,1100,0,2006,0,98055,1610,2563,train
400000.00,5,2.5,2510,7525,1.5,0,0,4,7,1710,800,1929,0,98106,1270,6741,train
367950.00,3,1.75,2290,8234,1,0,0,4,7,1250,1040,1950,0,98133,1660,7200,train
219950.00,3,1.5,1620,9310,1,0,0,4,7,1620,0,1967,0,98042,1610,10640,train
230000.00,2,1,870,7020,1,0,0,4,6,570,300,1942,0,98106,1730,7020,train
640000.00,4,2.5,2210,7722,2,0,0,3,9,2210,0,1999,0,98075,2970,8683,train
850000.00,4,3.5,3920,37122,2,0,0,3,10,3920,0,1996,0,98053,2550,32647,train
610000.00,4,3,2110,5000,1.5,0,2,4,7,1640,470,1930,0,98136,1380,5000,train
249950.00,3,1,1370,11658,1,0,0,4,6,1370,0,1958,0,98058,1080,9198,train
725000.00,4,2.5,2650,18295,2,0,0,3,8,2650,0,1986,0,98005,2230,19856,train
305000.00,3,2.5,1714,3240,2,0,0,3,8,1714,0,2005,0,98055,1714,3240,train
500000.00,3,2.25,1700,9008,1,0,0,3,8,1340,360,1985,0,98125,2340,8003,train
545000.00,3,2.5,2060,7184,2,0,0,3,8,2060,0,1987,0,98029,2230,7788,train
137900.00,3,1.75,1160,5082,1,0,0,3,6,580,580,1942,0,98178,1730,6000,train
499950.00,3,1,1440,5580,1.5,0,0,3,7,1440,0,1908,0,98115,2010,5580,train
370000.00,5,3,2670,9920,1,0,0,3,8,1400,1270,1990,0,98001,1890,10341,train
483500.00,3,2.5,1670,4308,2,0,0,3,8,1670,0,2001,0,98027,1670,2897,train
221000.00,3,1,910,8789,1,0,0,3,7,910,0,1966,0,98148,1160,8789,train
220000.00,3,1.75,1720,7587,1,0,0,4,7,1140,580,1981,0,98092,1120,7287,train
446500.00,4,2.5,3060,7920,1,0,0,3,8,1810,1250,1974,0,98028,2690,7767,train
515000.00,3,1.75,1490,12000,1,0,0,4,7,1490,0,1956,0,98006,1630,12000,train
255000.00,3,1.75,1240,8659,1,0,0,5,7,1240,0,1986,0,98042,1490,8223,train
518000.00,3,1.75,1830,4500,1.5,0,0,4,7,1830,0,1909,0,98115,1830,4080,train
779380.00,5,2.5,2590,7084,2,0,0,3,8,2590,0,2014,0,98052,3010,4823,train
1480000.00,3,3.25,3700,2264,2,0,0,3,11,2280,1420,1998,0,98033,3930,2567,train
340000.00,4,1,1200,11834,1,1,3,3,6,1200,0,1972,0,98070,1670,47462,train
245000.00,4,2.5,1921,4888,2,0,0,3,7,1921,0,2009,0,98001,1921,9140,train
175000.00,3,1.75,1230,13056,1,0,0,4,7,1230,0,1962,0,98001,1690,15750,train
499000.00,3,2.5,1540,1326,3,0,0,3,8,1390,150,1995,0,98119,1680,1592,train
780000.00,3,2.25,2206,82031,1,0,2,3,6,866,1340,1983,0,98074,2590,53024,train
219000.00,3,1.5,1200,12000,1,0,0,3,7,1200,0,1986,0,98001,1200,9405,train
352000.00,2,0.75,760,33801,1,0,0,4,4,760,0,1931,0,98059,1100,39504,train
640000.00,2,2.25,1540,958,3,0,0,3,9,1540,0,2007,0,98122,1410,958,train
355000.00,2,2.25,1330,10838,2,0,0,3,8,1330,0,1985,0,98028,1390,10310,train
259950.00,4,2,1610,6650,1,0,0,3,7,1610,0,1989,0,98023,1960,6650,train
432250.00,3,2.25,1440,6232,2,0,0,3,7,1440,0,1985,0,98029,1740,5999,train
259500.00,4,1.5,1300,7200,1,0,0,4,7,1300,0,1970,0,98031,1420,7200,train
439000.00,3,1,1530,19007,1,0,0,4,8,1290,240,1949,0,98166,2090,20962,train
352000.00,4,2.5,2470,6116,1,0,0,3,7,1420,1050,1985,0,98038,1670,7627,train
834538.00,3,2.5,2760,6187,2,0,0,3,10,2760,0,2014,0,98075,2760,6600,train
497000.00,4,2.25,2250,3463,2,0,0,4,8,2250,0,1968,0,98052,1850,2811,train
730001.00,3,2,1840,4750,1,0,0,5,7,1010,830,1951,0,98117,1760,5510,train
230000.00,3,1,1640,7187,1,0,0,3,7,1640,0,1966,0,98058,1340,8346,train
704000.00,3,1,1140,6120,1.5,0,0,3,7,1140,0,1926,0,98115,1800,4080,train
728725.00,4,2.5,3010,3120,2.5,0,2,3,8,3010,0,2006,0,98029,2140,3840,train
499000.00,2,1,1220,3000,1,0,0,3,7,920,300,1926,0,98117,1270,3000,train
415000.00,3,1.75,2650,7500,1.5,0,0,4,7,1590,1060,1962,0,98155,1340,7500,train
250000.00,3,2,1590,8100,1,0,0,3,7,1060,530,1996,0,98038,1590,8100,train
500000.00,3,2.25,2990,216057,2,0,0,3,9,2990,0,1994,0,98019,2840,215622,train
398000.00,2,1,590,10945,1.5,0,0,3,5,590,0,1983,0,98010,2020,15180,train
380000.00,4,2.5,2110,5306,2,0,0,3,8,2110,0,2012,0,98038,2250,5306,train
575575.00,3,1.75,1516,2897,1,0,0,3,7,998,518,1925,0,98103,2100,3854,train
299995.00,3,2.5,1970,7500,2,0,0,3,8,1970,0,1988,0,98092,1950,8220,train
316000.00,3,2.5,1490,4078,2,0,0,3,8,1490,0,1998,0,98059,1310,2767,train
326000.00,5,2.75,2166,6342,2,0,0,3,8,2166,0,2013,0,98042,2474,5948,train
651100.00,4,2.5,2310,5526,2,0,0,3,9,2310,0,2003,0,98074,2500,5769,train
775000.00,3,2,1160,13747,1,0,0,5,5,580,580,1931,0,98075,2961,16320,train
324000.00,3,1,1160,7202,1,0,0,4,7,1160,0,1957,0,98133,1620,8598,train
275000.00,3,2.5,1720,8755,1,0,0,3,8,1000,720,1983,0,98023,1720,8690,train
350000.00,3,1,1390,4820,1,0,0,4,7,910,480,1926,0,98133,1320,4820,train
201000.00,3,1,1460,9750,1,0,0,4,7,1460,0,1969,0,98042,1270,9750,train
1079000.00,4,3.25,4800,12727,2,0,0,3,10,4800,0,2011,0,98059,4750,13602,train
580000.00,3,1.75,1850,5100,1,0,0,3,7,1020,830,1909,0,98105,1850,5100,train
450000.00,3,2.5,2410,4293,2,0,0,3,7,2410,0,2007,0,98065,2190,5900,train
450000.00,4,3,1890,13140,1,0,0,4,7,1270,620,1967,0,98027,1900,11160,train
575000.00,2,1,1510,4032,1.5,0,0,3,8,1310,200,1935,0,98199,1700,4042,train
187000.00,3,2.5,1730,1803,2,0,0,3,7,1730,0,2005,0,98166,1190,7980,train
370000.00,2,1,1270,1399,3,0,0,3,7,1270,0,2000,0,98136,1140,1442,train
499950.00,3,1,1870,4984,1,0,0,3,7,1120,750,1955,0,98116,1650,5750,train
680200.00,2,1.5,1960,6000,1,0,0,3,8,1210,750,1951,0,98103,2060,6000,train
339000.00,3,2,2350,8459,1.5,0,0,3,9,2350,0,1989,0,98023,2430,8459,train
522000.00,4,2.5,2835,6598,2,0,0,3,8,2835,0,2002,0,98038,2770,6969,train
440000.00,5,2,1430,5600,1.5,0,0,3,6,1430,0,1947,0,98118,1860,5980,train
452500.00,3,1.75,2040,15695,1,0,0,4,8,2040,0,1959,0,98166,2280,14400,train
237000.00,3,1.75,1270,8470,1,0,0,4,7,1270,0,1960,0,98198,1600,8470,train
635000.00,4,2.5,2500,10215,2,0,0,3,9,2500,0,1998,0,98075,2890,10240,train
725000.00,5,2.5,3780,20000,1,0,1,4,9,1890,1890,1978,0,98155,2840,19908,train
2546000.00,4,3,4190,8805,2.5,0,2,5,9,3490,700,1928,0,98112,3780,8558,train
568000.00,3,1.75,1930,213008,1,0,2,3,7,1300,630,1980,0,98053,2860,208652,train
311000.00,3,1,1120,8631,1,0,0,3,7,1120,0,1942,0,98125,1350,7714,train
330000.00,3,1.75,1590,9417,1,0,0,4,7,1590,0,1954,0,98177,1600,9272,train
595000.00,5,2.75,3740,6750,1,0,0,4,8,1980,1760,1978,0,98028,2620,7920,train
965000.00,4,2.5,3570,17411,2,0,0,3,10,3570,0,1990,0,98075,3510,16153,train
280000.00,3,1,1720,9605,1,0,0,3,7,860,860,1969,0,98028,1720,9998,train
500000.00,3,2,1720,5525,1,0,2,5,7,960,760,1941,0,98108,1760,5525,train
415000.00,3,1.75,2000,8400,1.5,0,0,4,8,2000,0,1959,0,98133,2000,8400,train
740000.00,3,2.5,2350,3798,2,0,0,3,8,2350,0,2013,0,98029,2020,3532,train
485000.00,4,1.75,1260,3880,1,0,0,5,7,860,400,1918,0,98117,1000,3880,train
407500.00,3,3.5,1522,1465,2,0,0,3,8,1248,274,2006,0,98117,1522,1341,train
1928000.00,4,3.25,4280,20296,2,0,0,4,11,4280,0,1984,0,98004,3420,16351,train
300000.00,3,2.5,1830,12750,2,0,0,3,7,1830,0,1991,0,98168,1610,10000,train
499950.00,3,3.5,1820,1501,2,0,0,3,8,1430,390,2014,0,98144,1550,1501,train
278000.00,4,2,1480,6324,1,0,0,3,7,1480,0,1943,0,98122,1480,3600,train
400000.00,3,1,1410,9704,1,0,0,3,8,1140,270,1983,0,98074,1910,13639,train
332500.00,3,2,1600,7995,1,0,0,3,7,1600,0,1950,1984,98118,2440,6900,train
782000.00,4,2.5,2830,20345,2,0,0,3,10,1980,850,1979,0,98004,2830,13732,train
540000.00,1,1,1140,6700,1.5,0,0,3,7,1140,0,1920,0,98103,1350,6700,train
425000.00,4,2.5,2070,4427,2,0,0,3,7,2070,0,2007,0,98065,2070,4556,train
735000.00,3,2.5,3020,50800,1,0,0,5,8,1510,1510,1968,0,98029,2400,27135,train
300000.00,3,1.5,1320,15053,1,0,0,3,7,1320,0,1979,0,98072,1250,13368,train
230000.00,4,2,1440,10800,1,0,0,4,7,1440,0,1967,0,98001,1190,7380,train
455000.00,5,3.5,3080,7759,2,0,0,3,8,2310,770,2003,0,98019,2980,8223,train
415900.00,3,2.5,1670,22703,1,0,0,3,7,1310,360,1988,0,98045,1510,16817,train
670000.00,3,2.5,1680,2000,3,0,0,3,9,1680,0,1909,1998,98105,1950,5000,train
497000.00,3,1.5,2240,28750,1,0,0,3,8,1620,620,1956,0,98034,3200,23873,train
399950.00,3,2.5,1610,1320,2,0,0,3,7,1280,330,2007,0,98144,1480,1602,train
435000.00,5,2,1840,9240,1,0,0,4,7,1540,300,1942,1958,98133,1200,5250,train
324900.00,3,2.25,2080,9740,2,0,0,3,8,2080,0,1988,0,98092,2080,8705,train
680000.00,2,2,1450,989,3,0,0,3,9,1450,0,2014,0,98109,1490,1240,train
740000.00,3,1,1230,6380,1.5,0,0,3,7,1230,0,1927,0,98115,1250,6380,train
302000.00,3,1,1600,1950,2,0,0,2,7,1600,0,1906,0,98122,1310,1138,train
665000.00,4,2.25,2650,8149,1,0,0,4,8,1610,1040,1975,0,98006,2290,8019,train
290000.00,3,2.25,1610,3764,2,0,0,3,7,1610,0,2012,0,98042,1610,3825,train
517000.00,2,1,1140,3750,1,0,0,4,7,1140,0,1925,0,98103,1660,4000,train
417000.00,3,2.5,1300,877,2,0,0,3,7,1060,240,2008,0,98199,1320,1414,train
625000.00,3,2.5,2360,12164,2,0,0,3,10,2360,0,1987,0,98029,2400,11260,train
375000.00,4,1,1450,6820,1.5,0,0,3,6,1450,0,1947,0,98133,1450,6820,train
479000.00,2,2.5,1741,1439,2,0,0,3,8,1446,295,2007,0,98034,2090,10454,train
495000.00,4,2.5,2370,15336,2,0,0,3,8,2370,0,1995,0,98024,2110,15925,train
243500.00,4,2.5,1980,7403,2,0,0,3,7,1980,0,1988,0,98023,1980,7510,train
432500.00,3,3,2500,6000,2,0,0,3,8,2500,0,2012,0,98058,2130,6000,train
551000.00,2,2,2260,9604,1,0,0,3,9,2260,0,1990,0,98011,2260,10747,train
279950.00,3,2,1750,9750,1,0,0,3,7,1350,400,1961,0,98198,1900,10125,train
1389000.00,4,3.5,3130,3900,2,0,0,3,9,2550,580,2008,0,98115,1830,3900,train
365000.00,3,2.25,1310,915,2,0,0,3,7,1060,250,2007,0,98144,1500,1215,train
289950.00,3,2.5,2099,4275,2,0,0,3,7,2099,0,2010,0,98002,2099,4275,train
437400.00,3,1.75,2150,8925,1,0,0,4,7,2150,0,1960,0,98008,1100,7875,train
260000.00,3,1.75,1580,7344,1,0,0,5,7,1580,0,1911,0,98126,1580,6207,train
415000.00,3,2.25,1445,1512,2,0,0,3,7,1300,145,2004,0,98027,1445,1082,train
1998000.00,2,2.5,3900,920423,2,0,0,3,12,3900,0,2009,0,98065,2720,411962,train
1200000.00,3,2,2480,13310,1,0,0,2,7,2480,0,1955,0,98052,2400,11340,train
344950.00,3,1.75,1870,7500,1,0,0,5,8,1320,550,1978,0,98058,1870,7275,train
650000.00,3,1.75,1970,54450,1,0,0,3,8,1570,400,1980,0,98075,2460,36677,train
360000.00,5,1.75,1550,5225,1.5,0,0,4,7,1550,0,1941,0,98108,1220,5225,train
350000.00,2,1,1350,3880,1,0,0,3,6,950,400,1927,0,98103,1670,3920,train
866500.00,4,3.5,3080,4945,2,0,0,3,9,2010,1070,2014,0,98126,1220,4945,train
274000.00,4,2.25,2090,7400,1,0,0,3,9,1670,420,1973,0,98023,2260,8000,train
575000.00,4,1.75,1630,5750,1,0,0,3,7,1160,470,1947,0,98116,1640,5750,train
295000.00,4,2.5,1850,8198,2,0,0,3,7,1850,0,1993,0,98031,1850,7924,train
440000.00,3,1.75,2100,29735,1,0,0,4,7,1080,1020,1957,0,98155,2100,11250,train
799950.00,4,3.5,4220,196817,2,0,0,3,10,4220,0,1993,0,98092,2500,195395,train
610000.00,3,2.5,2060,8893,2,0,0,3,8,2060,0,1987,0,98006,2650,8500,train
860000.00,4,2.75,2720,3840,2,0,0,3,8,1790,930,1920,2009,98107,1360,3880,train
650000.00,4,2.75,2020,15810,1,0,0,4,9,1620,400,1967,0,98005,2210,10160,train
432500.00,3,1.75,1980,5100,1,0,0,3,7,1270,710,1965,0,98103,1400,5100,train
306888.00,4,1.5,1940,8970,1.5,0,0,3,7,1270,670,1980,0,98125,1960,8470,train
370900.00,3,1.5,1200,8560,1,0,0,4,7,1200,0,1975,0,98011,1550,7800,train
396500.00,3,1.75,2390,7149,1,0,0,3,8,1350,1040,1955,0,98125,1710,7402,train
324500.00,3,2.5,1660,3990,2,0,0,3,7,1660,0,2009,0,98118,1670,4050,train
285000.00,3,2.5,1690,7460,1,0,0,3,7,870,820,1997,0,98146,1900,7302,train
353950.00,5,2.25,3260,7969,2,0,0,4,8,3260,0,1982,0,98023,2070,7962,train
777000.00,4,4,2680,6000,1,0,0,3,7,1380,1300,1962,2014,98199,1930,6000,train
738000.00,3,1,1280,3900,1,0,0,4,7,1280,0,1921,0,98103,2020,4560,train
433500.00,3,2.5,2200,3360,2,0,0,3,8,2200,0,2009,0,98118,2130,3423,train
320000.00,3,1,860,5060,1.5,0,0,3,7,860,0,1927,0,98133,880,5060,train
417500.00,5,3,2270,6664,1,0,0,3,7,1340,930,1995,0,98125,1870,6187,train
823000.00,3,2.5,2560,9825,2,0,0,4,9,2560,0,1988,0,98006,2710,12034,train
262000.00,5,1,1870,7800,1,0,0,3,7,1580,290,1962,0,98168,1740,7808,train
295500.00,3,2.5,1410,1332,2,0,0,3,7,960,450,2014,0,98108,1410,1343,train
215000.00,2,1,710,7200,1,0,0,3,6,710,0,1943,0,98178,960,7200,train
600000.00,4,2.5,2360,13500,1,0,0,4,8,1780,580,1973,0,98052,2780,12400,train
263000.00,3,1.75,1570,7775,2,0,0,3,7,1570,0,1982,0,98031,1580,8622,train
244615.00,3,2.5,2060,4030,2,0,0,3,7,2060,0,1999,0,98032,2060,4029,train
549995.00,3,1,1120,6600,1,0,0,3,7,1120,0,1943,0,98105,1300,6600,train
630000.00,3,2.5,3490,12410,2,0,0,3,8,2590,900,2009,0,98059,1740,14448,train
560000.00,4,3,3080,9601,2,0,1,3,10,3080,0,1990,0,98003,3200,9375,train
860000.00,4,3.5,3380,8098,1,0,1,5,9,1690,1690,1952,0,98033,1890,8400,train
1150000.00,3,2.5,2100,15120,1,0,0,4,8,2100,0,1953,0,98004,3070,16078,train
280000.00,3,1.75,1230,8250,1,0,0,3,7,1230,0,1966,0,98058,1250,8250,train
400000.00,3,1.75,1590,8219,1.5,0,0,5,6,970,620,1938,0,98034,2030,7504,train
429950.00,3,2.25,2060,10160,1,0,0,4,8,1340,720,1967,0,98155,2320,11186,train
550000.00,3,2.75,2230,14400,1,0,0,4,8,1460,770,1977,0,98075,2200,13280,train
435000.00,2,1,1120,88327,1.5,0,0,4,6,1120,0,1972,0,98010,1640,136662,train
413000.00,5,2.5,2900,8711,1,0,0,3,8,1650,1250,1977,0,98011,2340,8869,train
667000.00,3,2.5,2510,3819,2,0,0,3,8,2510,0,2007,0,98052,2520,3990,train
440000.00,3,1.75,2240,8153,1,0,0,3,7,1120,1120,1948,0,98125,1710,8100,train
198000.00,3,1.5,1430,7347,1,0,0,3,7,820,610,1980,0,98023,1430,8723,train
416500.00,3,1,1100,4184,1,0,0,4,7,1100,0,1965,0,98136,1630,4366,train
219900.00,3,1,910,6000,1,0,0,2,6,910,0,1956,0,98146,1090,6957,train
329950.00,2,1,1140,5250,1.5,0,0,4,6,1140,0,1949,0,98133,1450,5250,train
310000.00,3,1,990,7050,1,0,0,3,7,990,0,1967,0,98034,1200,8125,train
352000.00,2,1,940,5000,1,0,0,4,7,940,0,1937,0,98117,1560,4500,train
528000.00,4,2.25,1910,8005,1,0,0,3,8,1280,630,1960,0,98125,1860,8010,train
170000.00,2,1,860,5265,1,0,0,3,6,860,0,1931,0,98178,1650,8775,train
1898000.00,3,2.5,2830,4334,3,1,4,3,10,2830,0,2006,0,98074,2830,38211,train
727160.00,7,3.75,2310,5000,2,0,0,3,8,2310,0,1984,0,98117,1360,1552,train
847000.00,6,2.5,3010,17864,2,0,0,3,8,3010,0,1969,0,98177,2560,11532,train
406250.00,4,3.25,2550,11524,2,0,0,3,8,2550,0,1990,0,98019,2370,14001,train
865000.00,3,1.5,1790,7526,1,0,0,3,7,1790,0,1953,2014,98004,2080,10943,train
495000.00,3,1.75,1890,6557,1,0,0,3,8,1890,0,1967,0,98125,1920,6793,train
455000.00,4,2,2380,4500,1.5,0,0,3,6,1470,910,1926,2014,98118,1300,4500,train
240000.00,2,1,870,8400,1,0,0,3,7,870,0,1960,0,98188,1070,12465,train
545000.00,4,2.5,2080,8504,2,0,0,3,8,2080,0,1991,0,98029,2000,6773,train
835000.00,3,2.25,2120,54014,2,0,0,4,9,2120,0,1964,0,98005,3280,50690,train
429900.00,4,3.25,3310,8897,2,0,0,3,9,2380,930,1991,0,98003,2490,8638,train
550000.00,5,2.75,3000,9473,1,0,0,3,8,1500,1500,1966,0,98052,2050,8820,train
1395710.00,4,2.25,3960,8640,2,0,2,3,9,2630,1330,1925,0,98112,3850,8640,train
1100000.00,4,3,2880,5500,2,0,0,4,9,1920,960,1926,0,98102,2110,5500,train
287200.00,3,3,1850,19966,1,0,0,4,7,1090,760,1992,0,98038,1410,6715,train
1150000.00,5,3.5,4350,6218,2,0,2,3,10,3520,830,2007,0,98027,3260,5989,train
507250.00,3,2.5,2270,5536,2,0,0,3,8,2270,0,2003,0,98065,2270,5731,train
215000.00,3,1.5,1280,5065,2,0,0,4,6,1280,0,1983,0,98002,1070,4491,train
459000.00,2,2.25,1010,1107,2,0,0,3,8,710,300,2006,0,98119,1140,1531,train
317000.00,4,2.5,2160,8049,2,0,0,3,9,2160,0,1988,0,98001,2490,8995,train
545000.00,2,2,1430,3880,1,0,0,4,7,1430,0,1949,0,98117,1430,3880,train
350000.00,4,1,1010,6000,1,0,0,3,6,750,260,1925,0,98136,1450,6000,train
1600000.00,4,2.25,2940,5735,1,0,0,3,9,1470,1470,1957,0,98112,2230,5659,train
270000.00,3,1.75,1260,7500,1,0,0,3,6,840,420,1947,0,98155,1340,7500,train
347500.00,3,1.75,1620,7500,1,0,0,3,7,1220,400,1981,0,98059,1470,7938,train
230950.00,2,1,930,12724,1,0,0,4,6,930,0,1912,0,98014,1240,21828,train
157500.00,2,1,740,9003,1,0,0,3,5,740,0,1949,0,98031,1230,8050,train
490000.00,3,2.5,2010,9725,2,0,0,4,8,2010,0,1987,0,98029,1850,6858,train
337000.00,3,1.75,1310,12750,1,0,0,3,7,1310,0,1993,0,98059,1790,13500,train
308000.00,3,1.75,1680,8629,1,0,0,3,8,1200,480,1977,0,98198,1990,8400,train
462550.00,2,1.75,1070,1276,3,0,0,3,8,1070,0,2006,0,98107,1290,2057,train
361500.00,4,2.75,2190,6740,2,0,0,3,7,2190,0,1995,0,98038,1950,7150,train
430000.00,3,2,1730,9000,1,0,0,3,8,1370,360,1978,0,98027,2390,10000,train
581000.00,3,2.5,2600,4438,2,0,0,3,7,2600,0,2004,0,98053,2600,4904,train
290000.00,2,1,930,7740,1,0,0,3,6,930,0,1924,0,98125,1250,7740,train
422000.00,4,2.5,3200,6691,2,0,0,3,7,3200,0,2002,0,98038,2610,6510,train
710500.00,3,1.75,2040,4125,1.5,0,0,4,8,1540,500,1917,0,98107,1620,4400,train
455000.00,5,2,2500,7860,1,0,0,3,7,1040,1460,1963,0,98034,2060,9684,train
324888.00,4,1.75,2160,28750,2,0,0,4,8,2160,0,1978,0,98092,1790,53578,train
975000.00,3,3,1850,5000,1.5,0,0,2,6,1850,0,1900,0,98107,1360,2500,train
690000.00,4,3.25,3730,11820,2,0,0,3,10,2460,1270,1990,0,98029,3680,10667,train
771150.00,4,3.5,3950,12320,2,0,0,3,10,3950,0,2001,0,98065,3920,11086,train
817000.00,3,1.5,2310,3360,1.5,0,0,3,8,1790,520,1926,0,98119,1930,4320,train
295000.00,4,1.75,1400,11934,1,0,0,3,7,1050,350,1961,0,98028,2080,10400,train
299900.00,4,2.5,1580,3632,2,0,0,3,7,1580,0,2011,0,98038,1950,3800,train
950000.00,4,2.5,3360,11548,2,0,0,3,9,3360,0,1988,0,98033,3400,14091,train
320000.00,2,2.25,1550,1827,2,0,0,3,8,1550,0,2008,0,98106,1420,1826,train
533000.00,4,2.5,2830,6536,2,0,0,3,8,2830,0,2003,0,98038,2830,6872,train
643500.00,6,5.25,3600,3960,2,0,0,3,7,2400,1200,1971,0,98126,1450,4600,train
225000.00,3,1.75,1550,9060,2,0,0,3,7,1550,0,1948,1979,98146,1080,7620,train
500000.00,2,2.5,1310,1500,2,0,0,3,8,1160,150,2006,0,98122,1320,1581,train
280000.00,3,1.75,2080,87991,1,0,0,3,6,1040,1040,1970,0,98014,2080,84300,train
654500.00,4,1,1780,5000,1.5,0,0,3,8,1780,0,1947,0,98115,2030,5000,train
449000.00,3,1.75,1660,9697,1,0,0,4,7,1660,0,1952,0,98155,2060,20624,train
1070000.00,6,3.25,3560,21400,2,0,4,4,9,3560,0,1952,0,98177,3560,24338,train
963990.00,4,3.25,3830,6765,2,0,0,3,9,3830,0,2014,0,98053,3830,6507,train
870000.00,4,1.75,1920,3600,2,0,0,4,8,1920,0,1907,0,98119,1920,3600,train
410000.00,4,2,1510,3240,1,0,0,5,7,870,640,1901,0,98144,1420,5160,train
543000.00,2,1,940,3864,1,0,0,4,8,940,0,1918,0,98103,1440,3956,train
324900.00,4,2.5,1880,7965,2,0,0,3,7,1880,0,2000,0,98038,1570,7584,train
415000.00,3,2.5,2420,10733,2,0,0,3,8,2420,0,1996,0,98038,1950,8534,train
805000.00,3,2.75,2600,5875,1.5,0,2,5,8,1600,1000,1929,0,98116,2260,5492,train
1220000.00,3,2.25,2640,7544,1,0,0,3,10,2640,0,1995,0,98004,2650,7904,train
760000.00,4,2.25,2500,8500,2,0,0,4,8,2500,0,1979,0,98006,2470,9100,train
319000.00,2,1.5,1090,847,3,0,0,3,8,1090,0,2009,0,98133,1090,1118,train
225000.00,3,1.75,1460,8372,1,0,0,4,7,1460,0,1981,0,98042,1220,7803,train
312500.00,3,1,1170,7350,1,0,0,4,7,1170,0,1960,0,98008,1170,7350,train
775000.00,3,1.75,3520,12350,1,0,4,4,8,1530,1990,1960,0,98116,2140,7800,train
538000.00,3,2.5,2250,11632,2,0,0,3,8,2250,0,1988,0,98056,2360,11632,train
998000.00,5,3.5,3760,10207,2,0,0,3,10,3150,610,1969,0,98040,3550,12118,train
720000.00,4,4,3200,7708,2,0,0,3,10,3200,0,2004,0,98075,3480,7944,train
150000.00,3,1,1010,25000,1,0,0,3,6,1010,0,1966,0,98014,2020,101494,train
365000.00,2,1,770,5680,1,0,0,4,6,770,0,1929,0,98117,1170,5514,train
422500.00,3,1.75,1560,7245,1.5,0,0,3,7,1560,0,1962,1985,98052,2220,8502,train
158000.00,3,1.5,990,8925,1,0,0,4,7,990,0,1962,0,98003,1360,8625,train
565000.00,4,2.5,2520,13156,1,0,0,3,8,1520,1000,1979,0,98052,2050,10940,train
305000.00,2,2.25,1000,905,3,0,0,3,8,1000,0,2006,0,98117,980,1023,train
650000.00,3,2.25,2150,21235,1,0,3,4,8,1590,560,1959,0,98166,2570,18900,train
269000.00,2,1,770,8612,1,0,0,3,6,770,0,1953,0,98155,1290,8407,train
540000.00,3,1.75,2590,25992,1,0,0,3,8,1970,620,1968,0,98029,2590,29250,train
310597.00,4,1.75,2000,25700,1,0,0,4,7,1150,850,1958,0,98023,2420,27500,train
205000.00,3,1,1610,8579,1,0,0,4,7,1010,600,1962,0,98058,1610,8579,train
289500.00,3,2.25,2120,3400,2,0,0,3,7,2120,0,2002,0,98092,2420,3400,train
840000.00,2,2.5,1680,975,3,0,0,3,9,1680,0,2009,0,98119,1680,977,train
499000.00,2,1.75,2040,114562,1,0,0,4,7,2040,0,1968,0,98027,1850,94960,train
278000.00,4,2.5,1940,6887,2,0,0,3,7,1940,0,1990,0,98023,1870,6144,train
355000.00,3,1.75,1730,7416,1.5,0,0,3,7,1730,0,1954,0,98133,1390,6490,train
369000.00,4,2.5,2550,7349,2,0,0,3,9,2550,0,1989,0,98023,2400,8508,train
397500.00,3,2,1510,6710,1,0,0,3,7,1070,440,1972,0,98034,1660,6600,train
875000.00,3,2,2220,6641,1,0,2,4,7,1220,1000,1947,0,98199,1800,5900,train
340000.00,2,1,860,7102,1,0,0,3,6,860,0,1947,0,98177,1450,7102,train
350000.00,3,2,1440,5469,1,0,0,3,8,1440,0,1988,0,98029,1980,6198,train
165000.00,3,1.5,1280,7742,1,0,0,3,7,1280,0,1973,0,98001,1566,7696,train
785000.00,4,2.5,3440,56192,2,0,0,3,9,3440,0,1994,0,98053,3150,44431,train
734500.00,4,2.75,3280,6845,2,0,0,3,10,3280,0,2003,0,98052,3280,7467,train
121800.00,2,1,940,8384,1,0,0,3,5,940,0,1947,0,98146,1290,8384,train
809000.00,3,2.5,2590,7720,2,0,0,3,9,2590,0,1988,0,98007,2600,9490,train
230000.00,6,3,2180,7220,2,0,0,3,7,2180,0,1980,0,98003,2260,7344,train
548000.00,4,3.25,3420,5012,2,0,0,3,10,2330,1090,2008,0,98019,2320,5465,train
750000.00,5,3,2230,8560,1,0,0,3,8,1150,1080,1960,2014,98008,2040,8560,train
425000.00,4,2.5,2390,5021,2,0,0,3,7,2390,0,2002,0,98065,2520,5333,train
229900.00,3,1,1010,8848,1,0,0,4,7,1010,0,1968,0,98003,1380,10650,train
518000.00,4,2.75,2440,12051,1,0,0,5,8,1440,1000,1966,0,98133,2030,8006,train
295000.00,4,3,2120,7650,2,0,0,3,8,2120,0,1964,0,98007,2260,7885,train
868000.00,4,2.5,2020,4350,2,0,0,5,9,1730,290,1943,0,98199,1620,5800,train
364950.00,3,2.25,2520,6170,2,0,0,3,7,1850,670,2003,0,98038,2260,6967,train
560000.00,4,2.75,2930,22000,1,0,3,4,9,1580,1350,1978,0,98023,2930,9758,train
268643.00,4,2.25,1810,9240,2,0,0,3,7,1810,0,1961,0,98055,1660,9240,train
420000.00,3,2.5,2720,8622,2,0,0,3,8,2720,0,2002,0,98059,1950,8603,train
245000.00,1,0.75,380,15000,1,0,0,3,5,380,0,1963,0,98168,1170,15000,train
445000.00,4,2,2630,9099,1.5,0,0,3,7,1830,800,1944,2009,98146,1430,6825,train
375000.00,3,1.75,960,8106,1,0,0,3,7,960,0,1962,0,98052,1650,8035,train
150000.00,3,1,1310,9612,1,0,0,3,7,960,350,1962,0,98001,1310,9812,train
415000.00,3,1.75,1480,2200,2,0,0,3,7,1480,0,1995,0,98103,1360,2190,train
420000.00,3,2.5,1509,1114,3,0,0,3,8,1509,0,2014,0,98133,1509,2431,train
1650000.00,5,4,3310,8400,2,0,0,3,10,3310,0,2000,0,98033,3430,8400,train
975000.00,6,3,3420,22421,1,0,0,5,9,2270,1150,1948,0,98006,2430,15560,train
850000.00,5,4,2980,4500,1.5,0,0,3,7,2070,910,1921,0,98115,1560,4225,train
464900.00,4,2.25,2020,8424,1,0,0,4,7,1380,640,1979,0,98034,2030,7236,train
546800.00,4,1.5,1520,5910,1,0,0,3,7,1020,500,1946,0,98115,1710,5910,train
413450.00,3,2.5,1540,1614,3,0,0,3,8,1470,70,2008,0,98103,1540,1418,train
799990.00,4,2.75,3110,6050,2,0,0,3,9,3110,0,2014,0,98052,3590,6054,train
536500.00,4,1.75,2000,4000,1.5,0,0,5,7,1450,550,1926,0,98126,1430,4000,train
495000.00,3,2.5,1780,47480,2,0,0,3,7,1780,0,1995,0,98045,1890,51836,train
390000.00,3,3.25,1370,913,2,0,0,3,8,1100,270,2006,0,98116,1370,915,train
375000.00,3,1.75,1260,11224,1,0,0,5,7,1260,0,1947,0,98155,1570,11052,train
410000.00,5,2.75,2910,5802,2,0,0,3,7,2910,0,2006,0,98038,2910,5000,train
410000.00,3,2.25,2200,16921,2,0,0,3,8,2200,0,1987,0,98038,2060,16921,train
551000.00,3,2.5,2010,17362,2,0,0,3,8,2010,0,1994,0,98033,1920,7200,train
403250.00,2,1.5,1430,8137,1,0,0,3,7,1130,300,1934,0,98125,1430,8137,train
234000.00,4,2,1710,7455,1,0,0,3,7,1030,680,1975,0,98031,1710,7350,train
320000.00,4,2.5,2070,7007,2,0,0,3,7,2070,0,1996,0,98031,2130,8100,train
825000.00,4,2.75,2220,11925,1,0,0,3,7,1560,660,1953,1985,98004,2500,11377,train
375000.00,4,1.75,2200,7475,1,0,0,5,7,1100,1100,1955,0,98118,1600,5766,train
270000.00,5,1.5,1930,7480,2,0,0,3,7,1930,0,1966,0,98058,1480,7705,train
648475.00,4,2.75,2250,5700,1,0,0,3,8,1200,1050,1951,0,98109,1720,3850,train
340000.00,3,2.25,2580,7434,1,0,0,3,7,1630,950,1963,0,98133,1920,7737,train
274950.00,3,2.5,1608,4000,2,0,0,3,8,1608,0,2014,0,98092,2009,4983,train
345000.00,4,1,1980,7991,1.5,0,0,3,7,1980,0,1962,0,98058,1730,7700,train
390000.00,2,1,980,3800,1,0,0,3,7,980,0,1926,0,98103,1520,5010,train
446000.00,4,2,2280,43692,1,0,0,3,7,1140,1140,1957,1984,98038,2580,37938,train
299250.00,3,2.5,2530,8669,2,0,0,3,9,2530,0,1990,0,98023,2530,9469,train
530000.00,3,2.75,3400,7200,2,0,2,3,9,2470,930,2009,0,98056,1580,8676,train
261000.00,3,1.5,1810,29308,1,0,0,3,7,950,860,1983,0,98042,1790,37531,train
730000.00,4,2.75,3440,8150,2,0,0,3,10,3440,0,2014,0,98056,2560,8315,train
560000.00,2,2,1680,4647,1,0,0,3,8,1680,0,2008,0,98053,1680,4950,train
547500.00,3,3.25,1720,1977,2,0,0,3,8,1360,360,2007,0,98122,1720,3420,train
413000.00,3,1.75,2280,139392,1,0,0,3,8,2280,0,1977,0,98092,2280,117176,train
368000.00,3,1.5,1560,7884,1,0,0,3,7,1060,500,1969,0,98125,1820,9000,train
795000.00,3,1.75,1930,9600,1,0,0,3,8,1930,0,1958,0,98040,2350,9840,train
843500.00,3,2.5,3560,11448,2,0,0,3,11,3560,0,1997,0,98052,3290,11506,train
266000.00,3,2.5,1805,3402,2,0,0,3,7,1805,0,2009,0,98002,2095,3402,train
325000.00,3,1.75,2180,10230,1,0,0,4,7,1090,1090,1961,0,98118,2130,7200,train
345000.00,4,2.5,2390,6976,2,0,0,3,7,2390,0,2003,0,98056,2390,6346,train
455000.00,4,2.5,2950,4502,2,0,0,3,7,2950,0,2005,0,98059,2360,4502,train
615000.00,3,2,1860,42800,1,0,0,4,7,930,930,1983,0,98075,1980,11250,train
800000.00,4,3.75,3370,6766,2,0,0,3,9,3370,0,2005,0,98052,3530,6766,train
385000.00,4,3.25,1790,2460,2,0,0,4,7,1100,690,2000,0,98106,1260,4040,train
597400.00,4,2.5,2420,4500,2,0,0,3,7,2420,0,2001,0,98053,2280,4500,train
517500.00,3,2.5,1810,4332,2,0,0,3,8,1810,0,1992,0,98029,1740,4332,train
243500.00,3,3,2110,7794,1,0,0,3,6,2110,0,1981,0,98198,1330,10044,train
539500.00,4,2.25,2280,8550,1,0,0,3,8,1660,620,1977,0,98034,2590,9500,train
435000.00,4,2,2630,9663,1,0,1,4,8,1330,1300,1956,0,98056,1900,8894,train
525000.00,3,2.25,1290,1182,2,0,0,3,8,1000,290,2006,0,98102,1300,1169,train
270000.00,2,1.5,840,867,2,0,0,3,7,840,0,2005,0,98115,840,1322,train
1157200.00,4,4.25,5860,52889,2,0,0,4,10,4910,950,1996,0,98072,3320,39066,train
1910000.00,4,3,4460,6833,2,0,0,3,10,3140,1320,1955,2007,98112,3130,7450,train
525000.00,3,1,2000,22500,1,0,0,3,7,1680,320,1939,0,98125,2000,10000,train
665000.00,4,3,2160,4400,1,0,0,5,7,1320,840,1921,0,98122,1430,4400,train
309000.00,3,2.5,1450,11480,2,0,0,3,7,1450,0,1990,0,98014,2080,87991,train
299880.00,3,2.5,1460,3044,2,0,0,3,7,1460,0,2000,0,98108,1490,3044,train
590000.00,4,2.5,2340,8971,2,0,0,3,9,2340,0,1987,0,98029,2510,9219,train
359000.00,4,1,2180,10617,1.5,0,0,3,7,2180,0,1950,0,98155,1360,9519,train
735000.00,4,3,2370,3672,1.5,0,0,5,7,1650,720,1916,0,98115,2140,4182,train
839950.00,4,2.75,3010,7200,2,0,0,3,9,3010,0,2014,0,98033,3010,7203,train
362000.00,3,1.75,1120,9730,1,0,0,3,7,1120,0,1944,1989,98011,2530,8717,train
386000.00,3,1.5,1270,1318,2,0,0,3,7,1080,190,2004,0,98199,1360,1488,train
305000.00,4,2.5,2430,5959,2,0,0,3,8,2430,0,2002,0,98092,2100,5414,train
235000.00,2,1,1010,7500,1,0,0,3,7,1010,0,1941,0,98108,1220,6000,train
197500.00,3,1,1330,5412,2,0,0,5,7,1330,0,1905,0,98022,1710,10825,train
300000.00,4,2.5,1914,3272,2,0,0,3,8,1914,0,2009,0,98055,1714,3250,train
237950.00,3,1.75,1310,7314,1,0,0,5,6,1310,0,1960,0,98002,1010,7314,train
795127.00,4,3.25,4360,91158,1,0,0,3,10,3360,1000,1993,0,98053,3540,90940,train
587750.00,2,1,890,4730,1,0,0,3,7,890,0,1941,0,98103,1330,5904,train
1398000.00,5,2.25,2640,14959,1,0,0,4,7,1770,870,1929,0,98039,3240,17904,train
280000.00,3,1.75,1590,7280,1,0,0,3,7,1140,450,1974,0,98058,1590,9634,train
325000.00,1,0.75,410,8636,1,0,0,2,4,410,0,1953,0,98146,1190,8636,train
1080000.00,3,2.75,3890,7216,2,0,1,3,8,3260,630,1967,2010,98118,2490,9920,train
650000.00,3,1.75,2330,7200,1,0,0,4,8,1320,1010,1950,0,98118,1820,7200,train
272000.00,4,2,1780,19843,1,0,0,3,7,1780,0,1963,0,98058,2210,13500,train
1799000.00,4,3.5,3930,39098,2,0,0,3,12,3930,0,1999,0,98005,4250,38682,train
254000.00,3,1,1270,16800,1,0,0,4,7,1270,0,1957,0,98188,1700,10200,train
750000.00,3,2,1840,2825,1,0,0,3,7,1040,800,1920,0,98112,1820,3750,train
410000.00,3,2.5,2350,4456,2,0,0,3,7,2350,0,2004,0,98065,2350,4456,train
605000.00,4,2.25,2510,31584,2,0,0,4,9,2510,0,1979,0,98074,2510,39221,train
565000.00,3,2.25,1700,8800,1,0,0,5,7,850,850,1969,0,98033,2180,8960,train
681000.00,3,1.75,1880,10032,1,0,0,4,8,1880,0,1984,0,98006,2430,9732,train
760000.00,4,2.5,3600,155509,2,0,0,3,9,3600,0,2004,0,98010,3410,34412,train
378500.00,4,1.75,1700,8640,1,0,0,3,7,850,850,1955,0,98006,1620,9000,train
491950.00,3,2.25,2090,10733,1,0,0,3,7,1440,650,1958,0,98115,1740,8100,train
598555.00,3,2.5,3040,7880,2,0,0,3,9,3040,0,2004,0,98056,3040,7880,train
370000.00,3,1.75,1150,6600,1.5,0,0,4,6,1150,0,1970,0,98033,1530,6600,train
525000.00,2,1,1360,6120,1,0,0,3,7,1060,300,1947,0,98115,1800,5100,train
339000.00,4,2.5,1740,6000,1,0,0,4,7,1740,0,1952,0,98178,1190,6000,train
700000.00,3,2.5,2230,4006,2,0,0,3,8,2230,0,2014,0,98133,2230,4180,train
355000.00,5,2.5,2344,8000,1,0,0,4,8,1560,784,1976,0,98023,2344,8000,train
499990.00,4,2.75,2620,7001,2,0,0,3,8,2620,0,2012,0,98045,2620,6543,train
441000.00,2,1,1290,1289,2,0,0,3,7,1030,260,2005,0,98144,1290,1332,train
504500.00,3,2.5,1820,1545,3,0,2,3,8,1640,180,1998,0,98103,1440,1290,train
322000.00,3,1,1380,5864,1,0,0,3,7,790,590,1944,0,98133,1509,5864,train
599950.00,3,2.5,1970,106722,1,0,4,3,9,1970,0,1985,0,98022,2910,101494,train
650000.00,4,3,2900,15535,1,0,2,4,7,1870,1030,1961,0,98008,2330,10217,train
240000.00,4,1.75,2020,10332,1,0,0,3,7,1010,1010,1954,0,98168,2240,8379,train
575000.00,4,2,1810,4400,2,0,0,3,8,1700,110,1909,0,98122,1470,4400,train
410000.00,3,2.25,1420,3750,2,0,0,3,7,1420,0,1987,0,98116,1430,4664,train
299500.00,3,1,1380,10875,1,0,0,3,7,1380,0,1977,0,98045,1040,10875,train
999000.00,3,2.5,2710,23292,1,0,4,3,9,2080,630,1956,0,98177,2430,20000,train
499000.00,3,2.5,1460,1614,2,0,0,3,8,1180,280,2007,0,98117,1380,1402,train
259000.00,3,2.5,2153,4400,2,0,0,3,8,2153,0,2007,0,98001,2434,4400,train
650000.00,3,2,1340,2720,1.5,0,0,3,7,1340,0,1913,0,98103,2030,4590,train
312000.00,3,2.5,1750,4076,2,0,0,3,7,1750,0,2013,0,98038,1810,4090,train
285000.00,4,2.25,2150,8250,1,0,0,4,7,1240,910,1978,0,98023,2050,7875,train
235000.00,3,1,1170,11100,1,0,0,4,6,1170,0,1968,0,98059,2080,8481,train
561750.00,5,1.75,2040,8996,1,0,2,4,7,1020,1020,1962,0,98008,1950,8270,train
443000.00,3,2.5,1780,2778,2,0,0,3,8,1530,250,2007,0,98126,1380,1998,train
310000.00,3,1,1990,7173,1,0,0,3,7,1990,0,1972,0,98034,1320,7245,train
510000.00,3,2.25,1420,1309,3,0,0,3,8,1420,0,2006,0,98103,1500,1282,train
1430000.00,3,2,1890,12017,1,0,2,3,8,1890,0,1949,0,98004,2000,12210,train
765000.00,3,1.75,2120,5000,2,0,0,3,7,1980,140,1920,2010,98103,2020,5000,train
823000.00,5,1.75,2640,7722,1.5,0,0,4,7,1650,990,1915,0,98117,1750,4000,train
234000.00,3,1.75,1480,8475,1,0,0,4,7,1480,0,1968,0,98023,1800,8800,train
1200000.00,3,1.75,1560,8078,1.5,1,4,4,6,1560,0,1928,0,98040,2890,16710,train
590000.00,4,3.5,3450,6873,2,0,0,3,10,2750,700,2004,0,98058,3450,6873,train
425000.00,3,2,1540,8011,1,0,0,3,7,1540,0,1988,0,98011,1630,7141,train
173000.00,2,1,820,10450,1,0,0,4,7,820,0,1965,0,98055,1240,11200,test
459900.00,3,1.75,2580,11000,1,0,0,4,7,1290,1290,1951,0,98006,2280,17643,test
357950.00,2,1,810,3880,1,0,0,3,7,810,0,1952,0,98107,900,4365,test
355000.00,3,1.5,1370,4790,2,0,0,4,7,1370,0,1982,0,98034,1370,3799,test
665000.00,4,2.5,2800,5900,1,0,0,3,8,1660,1140,1963,0,98115,2580,5900,test
329950.00,3,1.75,2080,5969,1,0,2,3,7,1080,1000,1971,0,98108,2090,5500,test
445000.00,3,2.5,2230,7934,2,0,0,3,7,2230,0,2005,0,98065,2310,4818,test
500000.00,4,2.25,1960,12436,2,0,0,3,8,1960,0,1984,0,98074,1960,12436,test
305000.00,3,1,1160,9750,1,0,0,3,7,1160,0,1967,0,98077,1160,9650,test
263500.00,4,1.75,2210,6375,1,0,0,3,8,1640,570,1977,0,98003,2070,7210,test
909000.00,4,2.5,3680,11648,2,0,0,3,10,3680,0,1986,0,98006,2830,11251,test
295000.00,2,1.75,1050,6500,1.5,0,2,4,6,1050,0,1925,0,98055,1320,10075,test
380000.00,5,3,3450,9914,2,0,0,3,9,3450,0,2004,0,98023,2860,9721,test
1250000.00,4,3.25,3160,5000,2,0,0,5,9,2360,800,1965,0,98105,2220,4000,test
685000.00,3,1.75,2720,4720,1.5,0,0,4,7,1580,1140,1925,0,98105,1660,4640,test
511000.00,3,2.5,1820,4883,2,0,0,3,9,1820,0,2005,0,98028,2720,5002,test
390000.00,2,1,1140,8147,1,0,0,3,7,1140,0,1958,0,98125,1260,8148,test
260000.00,4,2.5,1960,5238,2,0,0,3,7,1960,0,2003,0,98038,1800,5894,test
335000.00,4,2.25,2100,7305,1,0,0,4,7,1050,1050,1963,0,98188,1760,7308,test
1680000.00,4,4.25,5584,68257,2,0,0,3,11,5584,0,1998,0,98014,5030,101901,test
235000.00,2,1,1210,9400,1,0,0,2,6,1210,0,1949,0,98106,1580,6026,test
575000.00,5,2.5,3070,7200,2,0,0,3,8,3070,0,2005,0,98059,2590,7200,test
467000.00,3,1,1660,6582,1,0,0,5,7,1000,660,1946,0,98133,1110,6584,test
860000.00,4,2.5,3070,6923,2,0,0,3,9,3070,0,2009,0,98033,2190,9218,test
425000.00,2,1,2110,4920,1.5,0,0,3,7,1460,650,1911,0,98103,1390,4732,test
350000.00,1,1,700,5100,1,0,0,3,7,700,0,1942,0,98115,1010,5100,test
605000.00,3,3,1760,2114,2,0,0,3,7,1400,360,2008,0,98107,1300,1500,test
1310000.00,2,2.25,3950,3938,2,0,4,3,10,2910,1040,1991,0,98116,3220,4500,test
359950.00,3,1,1290,189486,1,0,0,4,7,1290,0,1960,0,98092,2370,98881,test
547000.00,4,1,1720,2800,1.5,0,0,4,7,1200,520,1926,0,98115,1530,3500,test
563750.00,4,2.75,2690,25000,1,0,0,3,8,1750,940,1978,0,98029,2640,28250,test
195000.00,4,1.5,2170,9948,2,0,0,3,7,2170,0,1952,0,98148,1500,9750,test
468000.00,2,1.75,1510,4500,1,0,0,3,8,1510,0,1978,0,98052,1740,6000,test
745000.00,4,2.5,3170,5100,2,0,0,3,9,3170,0,2012,0,98056,1580,5100,test
800000.00,5,2.5,3410,4726,2,0,0,3,9,3410,0,2007,0,98006,2810,5129,test
539000.00,4,2.5,2340,19850,2,0,0,3,9,2340,0,1993,0,98155,1930,15439,test
260000.00,4,2.5,1790,4358,2,0,0,3,7,1790,0,1993,0,98031,1790,4305,test
355000.00,0,0,2460,8049,2,0,0,3,8,2460,0,1990,0,98031,2520,8050,test
420000.00,1,2,1070,675,2,0,0,3,8,880,190,2007,0,98118,1220,788,test
365000.00,4,1,1520,80150,1,0,0,2,5,1520,0,1948,0,98045,1740,84506,test
400000.00,3,2.5,2180,7508,1,0,0,4,7,1420,760,1962,0,98133,1900,7818,test
350000.00,4,2.5,2800,9538,2,0,0,3,8,2800,0,1993,0,98003,1970,7750,test
571000.00,3,2.5,2600,7465,2,0,0,3,9,2600,0,1988,0,98011,2660,7683,test
356000.00,3,3.5,2100,12384,2,0,0,3,9,2100,0,1980,0,98188,2400,7776,test
344500.00,4,2.75,1800,5453,1,0,0,3,7,1050,750,2002,0,98055,1820,6900,test
209000.00,3,1,920,5200,1,0,0,4,6,920,0,1969,0,98042,920,4875,test
675000.00,4,2.5,2390,5249,2,0,0,3,9,2390,0,2006,0,98074,2600,5342,test
390000.00,3,1,1040,8075,1,0,0,4,7,1040,0,1961,0,98033,1450,8075,test
297500.00,4,2.5,1910,5000,2,0,0,3,7,1910,0,2005,0,98038,2020,5000,test
885000.00,4,2.25,4470,86225,2,0,0,3,10,4470,0,1991,0,98053,3850,97049,test
970000.00,5,3,3480,15185,2,0,0,4,8,3480,0,1964,0,98040,3030,14257,test
465000.00,4,2.5,2090,9702,1,0,0,5,7,1320,770,1965,0,98133,1850,7200,test
585000.00,4,2.5,2330,45860,2,0,0,3,9,2330,0,1989,0,98075,2930,5020,test
900000.00,6,3.75,4210,6105,2,0,0,3,9,3280,930,2008,0,98059,3820,6368,test
358000.00,3,2.25,2510,12013,2,0,0,3,8,2510,0,1988,0,98003,1870,8017,test
700000.00,4,2.5,2590,4498,2,0,0,3,9,2590,0,2004,0,98052,2660,5238,test
480000.00,3,1.75,1600,8400,1,0,0,5,8,1600,0,1963,0,98006,2210,8400,test
380000.00,4,2.5,2500,11070,1,0,2,4,8,1300,1200,1964,0,98003,2500,11070,test
420000.00,3,1.5,1050,6615,1,0,0,4,6,800,250,1950,0,98199,1530,5250,test
184900.00,2,1,1230,5000,1,0,0,5,6,1230,0,1911,0,98022,1230,5413,test
725000.00,4,3.25,2610,2552,2,0,0,3,10,2160,450,2008,0,98027,2610,2664,test
465000.00,4,1.75,1730,11700,1,0,0,3,7,880,850,1956,0,98008,1570,7820,test
345000.00,4,2.5,2040,5523,2,0,0,3,7,2040,0,1999,0,98148,1720,6646,test
1050000.00,4,4.5,3180,4606,2,0,3,4,9,1990,1190,1929,0,98199,2110,5323,test
133400.00,3,1,900,2550,1,0,0,4,6,900,0,1978,0,98023,1120,2550,test
415000.00,2,1.75,1340,4664,1,0,0,3,8,1340,0,2004,0,98053,1350,4236,test
267300.00,3,1.75,1890,93218,1,0,0,4,7,1890,0,1964,0,98092,1690,172062,test
957000.00,5,3.25,3160,5000,2,0,2,3,10,2180,980,2005,0,98199,3160,5746,test
2600000.00,4,4.5,5270,12195,2,1,4,3,11,3400,1870,1979,0,98027,3390,9905,test
650000.00,4,1.75,1900,10454,1,0,0,4,7,1180,720,1954,0,98004,2060,11325,test
800000.00,4,2.5,2990,16809,2,0,0,3,11,2990,0,1990,0,98077,3340,18752,test
369950.00,3,2.5,1360,3718,2,0,0,3,7,1360,0,1987,0,98052,1090,3718,test
499950.00,3,2,1360,2500,1,0,0,3,7,730,630,1986,0,98107,1630,5000,test
317500.00,6,1.75,2540,8400,1,0,0,3,8,1340,1200,1977,0,98058,1900,7695,test
400000.00,3,2.5,2580,214315,1.5,0,0,3,8,2580,0,1946,1986,98053,2580,70131,test
672000.00,3,1,1220,8573,1,0,0,4,7,1220,0,1954,0,98004,1390,8573,test
245000.00,3,1.5,1340,7391,1,0,0,4,7,1340,0,1966,0,98198,1300,7391,test
336000.00,3,2.5,1260,1211,3,0,0,3,8,1260,0,2004,0,98103,1270,1211,test
595000.00,4,2.5,2100,3125,2,0,2,3,7,1400,700,1907,1993,98107,2060,5040,test
525000.00,4,2.25,1890,8549,1,0,0,3,8,1890,0,1967,0,98008,1940,7210,test
765000.00,4,2.5,3360,13636,2,0,0,3,10,3360,0,1987,0,98074,2980,10615,test
509500.00,2,2.5,1590,1485,2,0,0,3,8,1300,290,1994,0,98199,1880,3675,test
499500.00,3,2.5,2520,53143,1.5,0,0,3,7,2520,0,1988,0,98019,2020,56628,test
415000.00,3,1,1570,11752,1.5,0,0,5,8,1570,0,1930,0,98133,2010,8291,test
718000.00,5,2.75,2930,7663,2,0,0,3,9,2930,0,2013,0,98056,2750,10335,test
682500.00,6,4.5,3500,8504,2,0,0,3,7,3500,0,1980,0,98155,1550,8460,test
270500.00,3,2.5,1780,7848,1,0,0,3,7,1320,460,1978,0,98038,1680,7848,test
420000.00,2,1.75,1060,4182,2,0,0,3,7,1060,0,1977,0,98115,1760,4590,test
274000.00,2,2,1700,7992,1,0,0,4,7,950,750,1980,0,98023,1700,8030,test
245000.00,4,2.25,2600,6390,1,0,0,3,8,1390,1210,1978,0,98023,2110,6700,test
344000.00,3,2.25,1250,1033,3,0,0,3,8,1250,0,2007,0,98103,1250,1150,test
1150000.00,5,4.25,4010,8252,2,0,0,3,10,4010,0,2015,0,98075,3370,8252,test
585000.00,3,2.5,2060,10839,2,0,0,3,8,2060,0,1987,0,98029,2180,8126,test
550000.00,3,2,3650,843309,2,0,0,4,7,3650,0,1991,0,98070,1870,273992,test
578888.00,2,2,1060,4000,1,0,0,2,7,1000,60,1914,0,98103,1310,4000,test
860000.00,4,2.75,3160,8097,2,0,0,3,9,3160,0,2014,0,98033,2200,8097,test
445000.00,3,1.75,1490,10844,1,0,0,3,7,1210,280,1974,0,98008,2090,9944,test
357823.00,3,1.5,1240,9196,1,0,0,3,8,1240,0,1968,0,98072,1690,10800,test
190000.00,3,1.75,1160,5850,1,0,0,4,6,1160,0,1918,0,98146,1110,8382,test
247500.00,3,2.25,1620,6000,1,0,0,3,7,1280,340,1998,0,98002,1710,6318,test
349950.00,3,2.5,2240,7565,2,0,0,3,8,2240,0,1999,0,98003,2190,8254,test
546200.00,4,2.25,2090,8579,2,0,0,3,8,2090,0,1987,0,98074,1850,8843,test
1208000.00,3,2.25,1590,8520,2,0,0,4,8,1590,0,1980,0,98004,2470,12005,test
165000.00,3,1,1150,19200,1,0,0,4,5,1150,0,1908,0,98001,1290,19200,test
575000.00,3,2,940,5000,1,0,0,3,7,880,60,1941,0,98117,1420,5000,test
170500.00,2,1,1060,7700,1,0,0,3,7,820,240,1981,0,98055,1370,8833,test
215000.00,3,1.75,1430,13399,1,0,0,4,7,900,530,1946,0,98168,1720,6415,test
645000.00,4,3.5,2910,5260,2,0,0,3,9,2910,0,2012,0,98065,2910,5260,test
249950.00,3,1.5,1090,7698,1,0,0,5,7,1090,0,1966,0,98058,1540,7624,test
365000.00,3,2.25,2290,7350,2,0,0,3,8,2290,0,1988,0,98058,2170,7529,test
689000.00,4,2.75,3220,16145,2,0,0,3,10,3220,0,1993,0,98075,3200,12921,test
750000.00,4,2.5,3020,13122,2,0,0,3,9,2540,480,1997,0,98052,3020,10873,test
510000.00,2,1,1270,4500,1.5,0,0,4,7,1270,0,1919,0,98122,2140,4550,test
436000.00,3,2.25,1480,1384,3,0,0,3,8,1480,0,2008,0,98103,1310,1329,test
255000.00,2,1,960,28717,1,0,0,4,6,960,0,1984,0,98070,1860,28717,test
299000.00,2,1.75,1250,34395,1,0,0,4,7,1250,0,1950,0,98003,1910,26042,test
530100.00,3,1,1540,3399,1.5,0,0,3,7,1200,340,1926,0,98117,1500,3914,test
360000.00,4,2.5,2340,13445,2,0,0,3,8,2340,0,1990,0,98042,2340,11188,test
435000.00,3,2.5,1730,4065,2,0,0,3,8,1730,0,1996,0,98029,1730,4094,test
385000.00,3,2,1010,7380,1,0,0,3,7,1010,0,1982,0,98074,1650,9030,test
168000.00,2,2.5,1160,2174,2,0,0,3,7,1160,0,1998,0,98106,1380,1919,test
790000.00,2,1.5,1940,4400,1,0,0,3,7,970,970,1923,0,98112,1480,3080,test
654000.00,4,2.5,2240,7540,1,0,0,3,8,1540,700,1962,0,98115,1960,7250,test
307000.00,3,1,1370,7500,1,0,0,3,7,1370,0,1960,0,98014,1160,7500,test
785000.00,3,2.5,2930,33981,2,0,2,3,9,2930,0,2000,0,98059,3720,35230,test
333700.00,3,2.5,2230,5050,2,0,0,3,7,2230,0,2006,0,98042,2260,5050,test
920000.00,4,3,3750,11025,2,0,0,3,10,3750,0,1976,0,98074,2930,12835,test
545000.00,3,2.5,1940,9775,1,0,2,3,8,1440,500,1975,0,98034,2830,9775,test
813000.00,4,2.75,3370,6675,1,0,3,4,8,1920,1450,1948,0,98144,2250,5550,test
349950.00,3,2.5,2390,6441,2,0,0,3,7,2390,0,2002,0,98038,2180,7346,test
365000.00,4,2.5,2540,6688,2,0,0,3,9,2540,0,2002,0,98092,2810,6776,test
236000.00,3,1.75,1300,8976,1,0,0,3,7,1300,0,1967,0,98003,1430,9750,test
445000.00,3,2,1630,8702,1,0,0,3,9,1630,0,1987,0,98056,2250,9890,test
484259.00,4,2.75,2790,5000,2,0,0,3,8,2790,0,2014,0,98045,2620,5527,test
439000.00,2,1,800,5100,1,0,0,3,7,800,0,1945,0,98117,1330,5100,test
235000.00,3,2.25,1670,7606,2,0,0,3,7,1670,0,1990,0,98022,1670,7433,test
190000.00,3,1.75,1270,7875,1,0,0,4,7,1270,0,1980,0,98030,1830,7210,test
1115000.00,3,2.5,4530,22873,2,0,2,5,8,3220,1310,1912,0,98166,3100,18210,test
199000.00,2,1,720,7200,1,0,0,5,6,720,0,1943,0,98058,970,8027,test
393000.00,2,1,980,3350,1,0,0,4,7,980,0,1925,0,98103,1260,4000,test
880000.00,3,1.75,3860,9000,1,0,2,3,9,1930,1930,1970,0,98155,2960,9000,test
225000.00,3,1,1020,8437,1,0,0,5,6,1020,0,1987,0,98022,1420,8500,test
398500.00,3,2.5,1630,1971,2,0,0,3,8,1630,0,1996,0,98177,1630,3451,test
355500.00,3,2.5,2600,5540,2,0,0,3,8,2600,0,2004,0,98038,2600,5540,test
899000.00,4,2.5,3720,30649,2,0,0,3,10,3720,0,1988,0,98053,3220,29434,test
330000.00,2,1,1160,32251,1,0,0,3,6,580,580,1963,2000,98010,1160,33656,test
295000.00,4,2,1650,7200,1,0,0,3,7,1650,0,1964,0,98133,1410,7200,test
825000.00,3,3,3730,35900,1,0,0,3,9,2960,770,1979,0,98008,2280,16026,test
536650.00,3,1.75,2090,8910,1,0,0,3,8,1230,860,1975,0,98034,2310,10695,test
400000.00,4,1.75,2670,189486,2,0,4,3,8,2670,0,1972,0,98092,2190,218610,test
385195.00,1,1,710,6000,1.5,0,0,3,6,710,0,2015,0,98144,1440,4800,test
720000.00,3,2.5,2820,14250,2,0,0,3,11,2820,0,1991,0,98074,2820,12600,test
525000.00,4,2.25,2620,98881,1,0,0,3,7,1820,800,1952,0,98070,1728,95832,test
450000.00,2,1,1020,5000,1.5,0,0,4,6,1020,0,1906,0,98107,1490,5000,test
240000.00,4,2,1750,7800,1,0,0,4,6,1750,0,1944,0,98166,1270,7800,test
910000.00,2,2.5,2000,5150,2,0,4,3,9,2000,0,1992,0,98034,2510,6800,test
760000.00,6,3.75,3810,6150,2,0,0,4,8,3810,0,1977,0,98103,1830,5125,test
450000.00,3,2.5,1990,12793,2,0,0,3,8,1990,0,1993,0,98028,2290,9035,test
247000.00,3,1.75,1820,8740,1,0,0,4,8,1820,0,1987,0,98023,2210,8320,test
862000.00,4,2.25,2220,4200,1.5,0,0,5,8,1310,910,1932,0,98199,2020,4940,test
609000.00,4,2.5,2150,37981,2,0,0,3,9,2150,0,1985,0,98052,2450,37981,test
375000.00,3,1.75,1370,19550,1,0,0,3,7,1370,0,1978,2006,98014,1430,17550,test
1500000.00,4,5.5,6550,217374,1,0,0,3,11,5400,1150,2006,0,98058,4110,50378,test
354000.00,2,1,850,5225,1,0,0,3,7,850,0,1949,0,98126,1230,5225,test
299950.00,3,2.5,1870,7942,2,0,0,3,7,1870,0,1990,0,98001,1870,7392,test
255500.00,4,1,1370,41194,1.5,0,2,5,5,1370,0,1900,0,98092,1590,84070,test
361000.00,3,1,1040,6720,1.5,0,0,3,7,1040,0,1951,0,98155,1880,11407,test
179500.00,3,1,900,8100,1,0,0,4,6,900,0,1959,0,98002,1000,7830,test
339950.00,0,2.5,2290,8319,2,0,0,3,8,2290,0,1985,0,98042,2500,8751,test
485000.00,3,2.25,2440,47916,2,0,0,3,8,2090,350,1991,0,98053,2150,24000,test
735000.00,4,2.75,3040,2415,2,1,4,3,8,3040,0,1966,0,98118,2620,2433,test
297975.00,3,2.25,2820,8100,1,0,0,4,7,1720,1100,1947,0,98168,1040,8100,test
392500.00,3,1,1660,8839,1,0,0,4,7,1660,0,1947,0,98155,1230,9236,test
343500.00,3,2,1660,7509,1,0,0,3,7,1660,0,2002,0,98059,2380,8598,test
245000.00,4,2,1830,10416,1,0,0,3,7,1370,460,1958,0,98146,1830,9271,test
565000.00,4,2.25,2110,10698,2,0,0,4,8,2110,0,1979,0,98027,2220,8252,test
274500.00,3,2.25,1720,9000,1,0,0,4,8,1320,400,1969,0,98023,1930,8000,test
349950.00,3,1,1060,9525,1,0,0,3,7,1060,0,1966,0,98052,1630,9525,test
525000.00,3,3,2600,5238,1.5,0,3,3,9,1890,710,1989,0,98198,2220,4853,test
465000.00,3,2.5,1450,5175,1,0,0,3,8,1030,420,1995,0,98133,1740,9250,test
555000.00,3,2,2240,11250,1,0,0,3,8,2240,0,1968,0,98008,2200,12500,test
276750.00,3,2,1620,12482,1,0,0,4,7,1290,330,1989,0,98042,1560,8499,test
802000.00,2,2.5,2210,6327,1,0,0,3,8,2210,0,2003,0,98053,2170,6327,test
420000.00,3,2.25,1770,8165,2,0,0,3,7,1770,0,1977,0,98034,1650,8165,test
352500.00,3,1.75,1860,7881,1,0,0,3,7,1160,700,1986,0,98198,1490,7527,test
300000.00,3,2.5,1260,3855,2,0,0,3,8,1260,0,1999,0,98059,1310,3344,test
257700.00,4,2.25,1600,6202,2,0,0,4,7,1600,0,1986,0,98038,1530,6298,test
850000.00,3,3.5,2620,11148,2,0,4,4,9,2060,560,1977,0,98008,2590,10796,test
330000.00,3,2.25,1440,5150,2,0,0,3,7,1440,0,1997,0,98106,1530,5238,test
207000.00,3,1,1490,8995,1,0,0,4,7,1490,0,1954,0,98168,1490,9000,test
555000.00,5,2.5,2450,5047,2,0,0,3,8,2450,0,2007,0,98011,2450,4478,test
1250000.00,5,5,5000,32909,2,0,0,3,10,5000,0,2000,0,98075,3030,12601,test
250000.00,5,1.5,2520,5753,1.5,0,0,4,7,1510,1010,1928,0,98022,1620,6875,test
505000.00,3,2,1260,5460,1,0,0,3,7,1260,0,1972,0,98034,1510,5460,test
652000.00,3,2,1700,4080,1,0,0,4,7,850,850,1941,0,98117,1480,5100,test
310000.00,3,1,1020,55756,1,0,0,3,7,1020,0,1961,0,98042,1490,12745,test
790000.00,4,2.75,2840,11900,1,0,3,4,9,1640,1200,1961,0,98136,2790,10070,test
660000.00,4,1.75,1870,10450,1,0,0,3,8,1620,250,1978,0,98005,2060,10450,test
229500.00,2,1.75,1870,6625,1,0,0,3,7,960,910,1948,0,98178,1680,6000,test
255000.00,3,1,1440,11330,1,0,0,3,7,1440,0,1965,0,98168,1580,10100,test
669888.00,4,2.75,2550,7591,2,0,0,3,9,2550,0,1989,0,98059,2670,7796,test
295832.00,5,1,1410,6400,1,0,0,5,7,960,450,1955,0,98198,1400,6500,validation
355000.00,3,2.25,2550,9674,1,0,0,3,7,1850,700,1959,0,98178,2240,9674,validation
439000.00,4,2.25,2060,10070,2,0,0,3,7,2060,0,1975,0,98034,2060,8155,validation
248000.00,4,3,2163,5883,2,0,0,3,7,2163,0,2006,0,98001,1700,10143,validation
252350.00,3,2,1650,7352,1,0,0,3,7,1160,490,1979,0,98058,1710,7350,validation
250000.00,4,1.5,2500,6300,1,0,0,4,7,1500,1000,1961,0,98032,1720,8925,validation
450000.00,3,1,1160,36831,1,0,0,3,7,1160,0,1938,0,98028,1800,15640,validation
285000.00,4,2,1760,5500,1,0,1,3,7,780,980,1925,2004,98118,1510,5500,validation
650000.00,5,2.25,2400,13450,1,0,0,5,7,1200,1200,1957,0,98008,1950,10361,validation
502000.00,4,1.5,1700,8400,1,0,0,3,7,1700,0,1953,0,98177,1750,8475,validation
411000.00,4,2.75,2150,9915,1,0,0,5,8,1240,910,1976,0,98056,1980,9325,validation
1339000.00,4,3.75,2130,34689,1.5,1,4,3,9,2130,0,1955,0,98136,3030,28598,validation
451300.00,3,2.5,1420,814,2,0,0,3,8,1140,280,2008,0,98136,1340,1382,validation
274950.00,3,1.75,1840,16679,1,0,0,3,8,1840,0,1989,0,98001,1910,15571,validation
250000.00,3,1,1460,10914,1,0,0,4,7,1460,0,1959,0,98058,1490,8314,validation
272000.00,3,2,1380,7476,1,0,0,3,7,1380,0,1989,0,98001,1600,7227,validation
424000.00,3,2.5,1820,7500,2,0,0,3,8,1820,0,1985,0,98052,2040,8304,validation
1735000.00,4,2.25,3040,5000,2,0,3,4,9,2080,960,1926,0,98105,2870,5000,validation
625000.00,3,1.75,1780,4500,1,0,0,4,7,920,860,1922,0,98117,1360,4000,validation
192500.00,1,1,470,63737,1,0,2,5,5,470,0,1924,0,98022,1350,46762,validation
459000.00,4,2,1560,3840,1,0,0,4,6,960,600,1924,0,98117,1560,4800,validation
175000.00,2,1,660,5000,1,0,0,3,6,660,0,1915,0,98106,1000,5000,validation
614306.00,2,2.25,2210,5500,1,0,0,4,8,1410,800,1968,0,98117,2140,6600,validation
225000.00,3,2.25,1470,6808,1,0,0,3,7,1160,310,1984,0,98023,1570,7881,validation
370000.00,3,1,1170,1105,1,0,0,3,7,1170,0,1965,0,98126,1380,1399,validation
270000.00,3,2.25,2080,4252,1.5,0,0,3,7,1550,530,2003,0,98042,2080,2275,validation
690000.00,5,3.25,3370,7313,2,0,0,4,8,2140,1230,1988,0,98029,2990,7806,validation
275000.00,2,1,770,4840,1,0,0,4,7,770,0,1927,0,98126,930,4840,validation
300000.00,4,2.5,2303,3826,2,0,0,3,8,2303,0,2006,0,98092,2516,4500,validation
627800.00,4,1.75,2010,12044,1,0,0,3,9,2010,0,1982,0,98074,2200,11144,validation
177500.00,3,1.5,1220,6000,1,0,0,3,7,1220,0,1968,0,98055,1660,6000,validation
170000.00,2,1,1280,21750,1.5,0,0,5,6,1280,0,1912,0,98001,1520,21750,validation
1180500.00,3,1.75,1610,7200,1,0,0,3,8,1090,520,1973,0,98112,3790,7200,validation
446950.00,5,2.5,2250,7945,1,0,0,4,7,1360,890,1977,0,98034,1820,7866,validation
839900.00,4,2.5,3420,7462,2,0,0,3,9,3420,0,2002,0,98074,3080,8031,validation
502000.00,4,2.5,2680,5539,2,0,0,3,8,2680,0,2013,0,98045,2680,5992,validation
817250.00,3,2.5,2980,7202,2,0,0,3,8,2980,0,1999,0,98033,2430,7280,validation
336000.00,3,2.5,2110,4549,2,0,0,4,8,2110,0,1989,0,98042,2110,4030,validation
495000.00,2,1,1670,14695,1.5,0,0,5,7,1670,0,1930,0,98033,1800,11355,validation
1160000.00,5,1.75,2870,9680,1,0,4,5,9,1440,1430,1966,0,98008,2940,9729,validation
326000.00,3,2.25,1930,3462,2,0,0,3,7,1930,0,2004,0,98019,1930,2952,validation
350000.00,4,2,1720,7210,1,0,0,3,7,860,860,1971,0,98034,1250,7210,validation
368000.00,3,2.5,2080,4307,2,0,0,3,7,2080,0,2004,0,98065,2080,4947,validation
291750.00,3,2.25,1310,12825,1,0,0,3,7,1310,0,1950,2013,98166,1600,11250,validation
937500.00,4,2.5,3130,21100,1,0,4,3,9,2530,600,1956,0,98177,3680,23000,validation
445000.00,4,1.75,2100,4400,1.5,0,0,5,7,1720,380,1924,0,98118,1850,4400,validation
1230000.00,5,4,4390,6656,2,0,0,3,9,2930,1460,2008,0,98199,1560,6656,validation
540000.00,3,1.75,2110,7129,1,0,0,3,8,1280,830,1982,0,98052,1810,8674,validation
269500.00,4,2.25,1700,7056,2,0,0,3,7,1700,0,1999,0,98001,1650,6025,validation
556000.00,3,1.75,1640,7437,1,0,0,3,7,1090,550,1948,0,98126,1640,7436,validation
249000.00,3,1,1000,19204,1,0,0,3,7,1000,0,1968,2010,98042,2450,25927,validation
385000.00,3,1.75,1180,10541,1,0,0,4,7,940,240,1981,0,98074,1230,10879,validation
240000.00,4,2,1790,14690,1,0,1,4,7,1670,120,1960,0,98198,2440,10664,validation
492500.00,2,2.25,1600,80400,2,0,0,4,7,1600,0,1978,0,98070,1600,198414,validation
500000.00,3,2.25,2010,7447,2,0,0,3,8,2010,0,1985,0,98028,2230,7846,validation
320000.00,3,1.75,1480,7225,1,0,0,4,7,1480,0,1965,0,98056,1430,7201,validation
734000.00,4,2.5,3490,18521,2,0,0,4,9,3490,0,1990,0,98077,2850,18521,validation
490000.00,3,2.5,2410,11900,1,0,2,4,9,1600,810,1989,0,98023,3090,11902,validation
415000.00,2,1,1070,4500,1,0,0,3,7,1070,0,1937,0,98115,1320,4465,validation
595000.00,3,2.5,1910,3075,2,0,0,3,8,1910,0,2001,0,98029,1940,3485,validation
716000.00,4,2.25,2480,9780,1,0,0,4,8,1900,580,1975,0,98052,2640,9780,validation
531000.00,3,2.25,1910,8390,1,0,0,3,7,1910,0,1979,0,98034,2410,8390,validation
612500.00,4,2.5,2550,10623,2,0,0,3,9,2550,0,1992,0,98029,2750,8100,validation
400000.00,3,1,1690,6658,1,0,0,3,7,1690,0,1942,1982,98133,1080,5925,validation
705000.00,3,2.5,1580,1321,2,0,2,3,8,1080,500,2014,0,98107,1530,1357,validation
738515.00,5,2.75,3360,9200,2,0,0,3,9,3360,0,2014,0,98011,3360,9713,validation
360000.00,3,2,1960,8846,1,0,3,4,6,980,980,1940,0,98178,2190,6363,validation
346500.00,3,3.25,1570,2048,2,0,0,3,8,1290,280,2006,0,98126,1570,2006,validation
338000.00,5,2,1860,9000,2,0,0,3,7,1860,0,1980,0,98045,1390,9752,validation
528000.00,3,2,1560,6300,1,0,0,3,7,1560,0,1924,0,98126,1620,6300,validation
506000.00,2,1,1570,8210,1,0,0,4,8,1150,420,1952,0,98177,1680,8196,validation
1125000.00,5,1.75,1910,5640,2,0,0,4,9,1910,0,1906,0,98112,2050,5400,validation
881000.00,5,3,2510,4125,1.5,0,3,5,8,1590,920,1925,0,98144,2190,5415,validation
820000.00,3,2.5,2990,10711,1,1,4,3,9,1560,1430,1976,1991,98198,2870,11476,validation
400000.00,4,2.5,3140,12792,2,0,0,4,9,3140,0,1977,0,98042,2510,12792,validation
90000.00,3,1,980,2490,2,0,0,4,6,980,0,1969,0,98092,980,3154,validation
639000.00,4,2.5,2150,12028,2,0,0,4,8,2150,0,1982,0,98052,1800,11777,validation
210000.00,3,1,1040,8970,1,0,0,4,6,1040,0,1961,0,98023,1040,8450,validation
1381000.00,4,3.75,3160,9525,2.5,0,0,3,10,3160,0,1997,0,98040,2400,9525,validation
465000.00,3,3,2290,15600,1,0,0,3,8,1420,870,1948,1990,98001,1890,14143,validation
415000.00,4,1.75,2230,9625,1,0,4,3,8,1180,1050,1955,0,98178,2300,8211,validation
325000.00,3,2.5,2330,8627,1,0,0,4,7,1480,850,1980,0,98055,1940,9607,validation
535000.00,3,1.75,1380,3561,1,0,0,4,7,860,520,1925,0,98117,1820,4593,validation
772000.00,4,2.5,2110,3750,2,0,0,3,8,2110,0,2000,0,98117,1700,5000,validation
399950.00,3,2.5,2000,30605,2,0,0,4,8,2000,0,1989,0,98042,1930,35350,validation
555000.00,5,2.75,2810,13144,1,0,0,3,8,1440,1370,1964,0,98007,2480,13144,validation
200000.00,1,1.5,1010,1157,2,0,0,3,8,950,60,2007,0,98126,1360,1688,validation
625000.00,2,1,2160,2192,1,0,0,5,8,1170,990,1925,0,98119,1150,2152,validation
925000.00,4,4.25,3770,13058,2,0,0,4,8,3770,0,1983,0,98028,2200,12255,validation
321500.00,1,1,730,1942,1,0,0,3,7,730,0,2008,0,98144,1020,2183,validation
184000.00,3,1,1100,8680,1,0,0,3,6,1100,0,1962,0,98023,1100,9220,validation
764000.00,3,2,1420,4080,1.5,0,0,5,8,1420,0,1904,0,98103,1220,3060,validation
390000.00,3,2.25,1490,4539,2,0,0,3,7,1490,0,2009,0,98028,1750,4667,validation
630000.00,4,2.5,2540,8706,2,0,0,3,9,2540,0,1997,0,98075,2540,6239,validation
873000.00,3,2.25,2720,54450,2,0,0,3,11,2720,0,1997,0,98027,3170,60548,validation
830000.00,3,3,2080,10521,1.5,0,0,3,9,2080,0,2004,0,98034,3730,11840,validation
686000.00,3,1.5,1840,9990,2,0,0,5,8,1840,0,1961,0,98177,2100,12474,validation
300000.00,4,1.75,1820,5015,1,0,0,4,6,1190,630,1926,0,98108,1530,9130,validation
475000.00,2,1,920,5157,1,0,0,3,6,920,0,1909,0,98118,1700,5150,validation
259000.00,3,2,1390,7120,1,0,0,3,7,1390,0,1988,0,98030,1530,7688,validation
386180.00,2,1.5,960,1829,2,0,0,3,7,960,0,2005,0,98122,1470,1829,validation
286000.00,3,1,950,8400,1,0,0,3,7,950,0,1958,0,98056,1250,8400,validation
725000.00,6,3,2480,12000,2,0,0,3,8,2480,0,1972,0,98007,2220,8580,validation
456500.00,3,1,1290,3880,1.5,0,0,4,7,1290,0,1919,0,98117,1290,4850,validation
385000.00,4,1.75,1690,4080,1,0,0,4,7,870,820,1984,0,98144,1320,4080,validation
530000.00,3,1.75,1690,8190,1,0,0,4,8,1690,0,1958,0,98005,1840,8705,validation
353000.00,3,2.5,1250,864,3,0,0,3,8,1250,0,2004,0,98115,1330,2298,validation
460000.00,4,1.75,1750,5500,1.5,0,0,5,7,1050,700,1926,0,98117,1640,5500,validation
839000.00,5,4,4280,11307,2,0,0,3,10,2710,1570,1996,0,98027,3080,11307,validation
683000.00,3,2.5,2300,9218,2,0,2,3,9,2300,0,1998,0,98027,2730,9930,validation
454200.00,4,2.5,2630,5379,2,0,0,3,8,2630,0,2004,0,98059,2630,5379,validation
393000.00,4,1.75,1790,11801,1,0,0,4,8,1790,0,1974,0,98056,2000,12988,validation
295000.00,3,1,1380,7575,1,0,0,4,7,1380,0,1963,0,98056,1320,7600,validation
395000.00,4,1,1980,10350,1,0,0,4,7,1430,550,1968,0,98027,1890,13140,validation
445700.00,3,2.5,1270,1180,3,0,0,3,8,1270,0,2001,0,98107,1320,1180,validation
736000.00,2,1,1500,4000,1,0,0,3,8,1100,400,1933,0,98109,1980,4000,validation
370000.00,4,3,2490,5706,2,0,0,3,9,2490,0,2005,0,98042,2650,5880,validation
554000.00,2,2,1920,6045,1,0,0,3,8,1920,0,2003,0,98053,1670,5200,validation
646000.00,4,2.5,2310,4079,2,0,0,3,8,2310,0,2008,0,98117,1220,4800,validation
315000.00,4,2.25,2550,9736,1,0,0,4,8,2550,0,1967,0,98002,1770,9686,validation
726000.00,3,2.5,1890,3880,1.5,0,0,4,8,1460,430,1915,0,98107,1010,3880,validation
1045000.00,4,3,2790,3600,2,0,0,3,8,1880,910,1905,2013,98119,1360,3600,validation
549010.00,2,1.75,1560,4141,1,0,0,4,7,880,680,1942,0,98117,1210,4141,validation
182200.00,4,1,1130,13927,1.5,0,0,3,6,1130,0,1929,0,98168,1800,8274,validation
1325000.00,3,2.5,2280,5000,2,0,3,4,9,2280,0,1926,0,98105,2200,5000,validation
649000.00,3,3.25,1720,936,2,0,0,3,8,1030,690,2004,0,98112,1720,1527,validation
475000.00,2,2,1540,54450,2,0,0,3,7,1540,0,1983,0,98053,2280,29918,validation
675000.00,4,2.5,2810,11120,2,0,0,3,9,2810,0,1982,0,98074,3100,12672,validation
560000.00,3,2.5,1900,8744,2,0,0,3,8,1900,0,1987,0,98074,2030,8744,validation
720000.00,4,1.75,2530,5000,1.5,0,2,5,8,2070,460,1917,0,98103,1950,3600,validation
550000.00,3,3.5,1450,1091,2,0,0,3,8,1200,250,2007,0,98119,1490,3017,validation
209000.00,3,1,1320,3954,1.5,0,0,3,6,1320,0,1912,2014,98022,1270,5184,validation
439888.00,2,2,1300,6515,1,0,0,3,8,1300,0,2005,0,98053,1640,6009,validation
493000.00,4,2.5,2070,4270,2,0,0,3,8,2070,0,2010,0,98028,2070,4610,validation
392000.00,4,2.5,2130,4000,2,0,0,3,8,2130,0,2014,0,98146,1830,7217,validation
825000.00,3,1.75,1930,8442,1,0,0,4,7,1930,0,1953,0,98004,1790,8442,validation
481015.00,3,2.25,1550,5511,2,0,0,3,8,1550,0,1987,0,98033,1620,5511,validation
852000.00,4,2.5,2620,7328,2,0,0,3,8,2620,0,1983,0,98118,1670,5080,validation
465000.00,5,3,2010,7264,1,0,0,3,7,1290,720,1990,0,98103,1510,7326,validation
355900.00,3,2.5,2090,3821,2,0,0,3,7,2090,0,2008,0,98038,2040,4200,validation
465000.00,3,1,800,3060,1.5,0,0,4,6,800,0,1903,0,98117,1180,3060,validation
440000.00,3,2.5,1650,4929,2,0,0,3,7,1520,130,2007,0,98108,1520,2287,validation
531000.00,2,1.5,1260,6660,1.5,0,0,4,7,1260,0,1926,0,98115,2140,4770,validation
284000.00,4,1.75,1880,8800,1,0,0,3,7,1130,750,1960,0,98168,1340,8733,validation
545000.00,3,1.75,1700,51649,1.5,0,0,5,6,1700,0,1931,0,98059,1100,39504,validation
415885.00,3,1,1310,4163,1,0,0,4,7,1310,0,1964,0,98126,1120,4166,validation
570000.00,4,2,1790,7800,1,0,0,5,8,1790,0,1972,0,98008,2150,7838,validation
1750000.00,4,2.75,3560,8975,2,0,0,3,10,3560,0,2014,0,98004,3440,12825,validation
705000.00,5,3,2380,5000,2,0,0,5,7,2380,0,1909,0,98107,1800,4650,validation
336000.00,3,2,1060,11765,1,0,0,4,6,1060,0,1951,0,98125,1500,9151,validation
472000.00,4,3.25,4350,7090,2,0,0,3,8,2870,1480,1999,0,98042,2490,7266,validation
440000.00,3,1,1050,7500,1,0,0,3,6,1050,0,1900,0,98136,1380,7500,validation
674250.00,4,2.5,2780,35000,1,0,0,4,9,2780,0,1985,0,98072,2740,35072,validation
570000.00,2,1,1060,4000,1,0,0,4,7,1060,0,1910,0,98115,1770,4000,validation
216000.00,3,1,1730,7950,1,0,0,4,7,1180,550,1961,0,98198,1830,8890,validation
1275000.00,4,1.75,3720,8448,1,0,3,4,9,1960,1760,1947,0,98199,2540,7064,validation
255000.00,2,1,1220,2500,1,0,0,3,6,770,450,1910,0,98126,1540,3000,validation
914600.00,4,3,3180,80837,2,0,0,3,11,3180,0,1985,0,98072,3180,38715,validation
525000.00,3,2,1600,16530,1,0,0,5,7,1600,0,1967,0,98075,1850,41006,validation
590000.00,2,1,1530,6450,1,0,0,4,7,1530,0,1920,0,98117,1530,5000,validation
295000.00,5,3.5,2100,5107,2,0,0,3,7,1410,690,1999,0,98178,1410,5650,validation
240000.00,2,1.5,1078,1263,2,0,0,3,7,1078,0,1990,0,98028,1078,1263,validation
780000.00,4,2.75,3430,6500,2,0,0,3,9,3050,380,2006,0,98052,3070,6802,validation
431000.00,4,2.5,1450,3600,1.5,0,0,3,7,1250,200,1902,0,98144,1680,3600,validation
260000.00,6,2,2220,8797,1,0,0,3,7,2220,0,1977,0,98002,1170,5123,validation
299500.00,3,2.5,2090,7163,2,0,0,3,8,2090,0,1989,0,98003,2320,8634,validation
460000.00,3,1.75,1550,4708,1,0,0,4,7,860,690,1949,0,98115,1880,5600,validation
237600.00,2,1,1370,11584,1,0,0,4,6,1370,0,1950,0,98198,1330,8012,validation
340000.00,3,2.75,1720,28000,1,0,0,4,7,1720,0,1958,0,98058,2000,41817,validation
2125000.00,3,2.5,5403,24069,2,1,4,4,12,5403,0,1976,0,98166,3980,104374,validation
622000.00,3,2.5,1950,7481,2,0,0,3,8,1950,0,1987,0,98027,1980,8479,validation
689800.00,3,2.75,2390,9313,1,0,0,5,8,1390,1000,1942,0,98133,2390,12712,validation
480000.00,3,2.5,2410,4656,2,0,0,3,7,2410,0,2009,0,98065,2410,4840,validation
605000.00,2,1.75,1760,5000,1,0,0,4,7,940,820,1927,0,98117,1530,5000,validation
335000.00,3,2.5,1700,6698,2,0,0,3,7,1700,0,1997,0,98038,2190,7346,validation
525000.00,5,1,1280,3876,1.5,0,0,3,7,1280,0,1923,0,98105,1420,3825,validation
438000.00,2,2.25,1950,29347,1,0,0,3,8,1350,600,1953,0,98133,2125,7751,validation
472000.00,6,2.5,4410,14034,1,0,2,4,9,2350,2060,1965,0,98003,2600,13988,validation
339000.00,4,2,2470,5080,1.5,0,0,3,6,1970,500,1948,1988,98106,1060,5080,validation
300000.00,4,2,2360,7440,1,0,0,3,7,1180,1180,1955,0,98178,1680,7800,validation
440000.00,3,1.75,2000,9900,1,0,2,4,8,1480,520,1957,0,98166,2310,10200,validation
887200.00,3,1,1400,5100,1.5,0,0,3,7,1400,0,1900,0,98103,1740,3060,validation
656000.00,2,2.5,2270,1763,3,0,0,3,7,1820,450,2009,0,98052,2180,1763,validation
235000.00,3,1,1270,7153,1,0,0,5,6,1270,0,1949,0,98055,1650,7153,validation
222500.00,3,1,990,10125,1,0,0,3,7,990,0,1972,0,98042,1360,10125,validation
335000.00,4,2.75,2190,9209,2,0,0,4,8,2190,0,1996,0,98092,2430,6687,validation
490000.00,4,2,1650,6480,2,0,0,5,7,1650,0,1947,0,98125,1650,6350,validation
626000.00,4,1.75,1350,9293,1,0,0,4,7,1350,0,1954,0,98004,1890,9293,validation
475000.00,3,1.75,1520,8100,1,0,0,5,6,760,760,1945,0,98117,1040,8100,validation
460000.00,5,3,2008,5050,1,0,0,3,7,1216,792,1992,0,98118,2040,5297,validation
443000.00,2,1,1130,5413,1,0,0,3,7,880,250,1939,0,98115,1250,5413,validation
432000.00,3,2,2190,13673,1,0,0,4,9,2190,0,1994,0,98042,2770,13804,validation
255000.00,3,1.75,1410,9315,1,0,0,5,7,1410,0,1960,0,98031,1630,8250,validation
205000.00,5,1.75,1730,5200,1,0,0,4,7,1050,680,1978,0,98042,1350,5200,validation
315000.00,3,2,1060,5750,1,0,0,3,7,1060,0,1981,0,98126,1080,5750,validation
960000.00,4,2.5,2820,5934,1,0,3,5,9,1770,1050,1952,0,98116,2230,6000,validation
600000.00,4,2.5,2710,35009,2,0,2,3,9,2710,0,1992,0,98045,2330,35040,validation
583000.00,4,2.5,2660,4000,2,0,0,3,8,2660,0,2001,0,98053,2330,4517,validation
190500.00,3,2,1390,10155,1,0,0,3,7,1130,260,1980,0,98003,1790,10155,validation
567035.00,3,2,2064,46173,2,0,0,5,7,2064,0,1903,0,98070,1640,21780,validation
