"","X","height","relation"
"1",1,65.04851,"father"
"2",2,63.25094,"father"
"3",3,64.95532,"father"
"4",4,65.7525,"father"
"5",5,61.13723,"father"
"6",6,63.02254,"father"
"7",7,65.37053,"father"
"8",8,64.72398,"father"
"9",9,66.06509,"father"
"10",10,66.96738,"father"
"11",11,59.008,"father"
"12",12,62.93203,"father"
"13",13,63.67063,"father"
"14",14,64.07386,"father"
"15",15,64.68851,"father"
"16",16,65.15466,"father"
"17",17,66.37353,"father"
"18",18,65.57704,"father"
"19",19,67.36765,"father"
"20",20,66.75929,"father"
"21",21,67.79764,"father"
"22",22,69.5348,"father"
"23",23,62.54014,"father"
"24",24,63.81016,"father"
"25",25,64.4565,"father"
"26",26,64.9665,"father"
"27",27,64.70662,"father"
"28",28,65.73829,"father"
"29",29,65.50141,"father"
"30",30,65.55416,"father"
"31",31,66.90294,"father"
"32",32,66.57388,"father"
"33",33,66.53198,"father"
"34",34,67.90613,"father"
"35",35,68.29198,"father"
"36",36,67.74123,"father"
"37",37,68.46917,"father"
"38",38,69.38327,"father"
"39",39,71.81791,"father"
"40",40,62.41615,"father"
"41",41,64.49083,"father"
"42",42,64.4876,"father"
"43",43,63.92303,"father"
"44",44,65.44592,"father"
"45",45,65.02977,"father"
"46",46,65.67038,"father"
"47",47,68.66078,"father"
"48",48,66.54597,"father"
"49",49,64.85954,"father"
"50",50,69.60692,"father"
"51",51,64.8135,"father"
"52",52,65.32703,"father"
"53",53,65.83169,"father"
"54",54,65.83427,"father"
"55",55,65.56135,"father"
"56",56,65.8688,"father"
"57",57,65.77339,"father"
"58",58,67.09116,"father"
"59",59,66.61374,"father"
"60",60,67.41075,"father"
"61",61,67.27716,"father"
"62",62,66.61134,"father"
"63",63,68.17412,"father"
"64",64,67.80555,"father"
"65",65,68.32529,"father"
"66",66,68.07787,"father"
"67",67,68.96795,"father"
"68",68,68.9255,"father"
"69",69,69.60862,"father"
"70",70,70.35646,"father"
"71",71,70.00643,"father"
"72",72,72.75425,"father"
"73",73,62.82147,"father"
"74",74,62.86855,"father"
"75",75,63.91261,"father"
"76",76,64.54118,"father"
"77",77,64.51906,"father"
"78",78,66.02688,"father"
"79",79,65.81011,"father"
"80",80,66.01812,"father"
"81",81,65.53742,"father"
"82",82,65.73346,"father"
"83",83,66.77424,"father"
"84",84,66.67869,"father"
"85",85,66.97585,"father"
"86",86,66.94021,"father"
"87",87,66.84575,"father"
"88",88,67.12008,"father"
"89",89,67.74181,"father"
"90",90,68.27194,"father"
"91",91,67.60691,"father"
"92",92,68.44737,"father"
"93",93,67.65832,"father"
"94",94,68.71193,"father"
"95",95,69.32025,"father"
"96",96,68.7403,"father"
"97",97,69.13395,"father"
"98",98,69.34995,"father"
"99",99,68.6297,"father"
"100",100,69.58258,"father"
"101",101,70.39517,"father"
"102",102,71.19284,"father"
"103",103,70.82429,"father"
"104",104,71.65367,"father"
"105",105,73.28133,"father"
"106",106,63.03753,"father"
"107",107,63.66428,"father"
"108",108,65.38311,"father"
"109",109,64.60205,"father"
"110",110,66.40661,"father"
"111",111,65.76985,"father"
"112",112,65.66729,"father"
"113",113,66.05712,"father"
"114",114,66.54635,"father"
"115",115,66.5723,"father"
"116",116,66.64876,"father"
"117",117,67.71899,"father"
"118",118,68.48726,"father"
"119",119,67.82769,"father"
"120",120,67.55801,"father"
"121",121,68.07763,"father"
"122",122,69.16715,"father"
"123",123,68.693,"father"
"124",124,68.61779,"father"
"125",125,68.64797,"father"
"126",126,68.61666,"father"
"127",127,70.36485,"father"
"128",128,70.0099,"father"
"129",129,70.13984,"father"
"130",130,70.2073,"father"
"131",131,71.28063,"father"
"132",132,70.90445,"father"
"133",133,72.19036,"father"
"134",134,74.96203,"father"
"135",135,64.88218,"father"
"136",136,65.55174,"father"
"137",137,65.65889,"father"
"138",138,65.92826,"father"
"139",139,65.94198,"father"
"140",140,67.43646,"father"
"141",141,67.48444,"father"
"142",142,67.61344,"father"
"143",143,68.4518,"father"
"144",144,68.49456,"father"
"145",145,68.1056,"father"
"146",146,69.48308,"father"
"147",147,69.07389,"father"
"148",148,69.39251,"father"
"149",149,69.44294,"father"
"150",150,69.52131,"father"
"151",151,70.15463,"father"
"152",152,69.86911,"father"
"153",153,70.44394,"father"
"154",154,70.85393,"father"
"155",155,71.30074,"father"
"156",156,72.13978,"father"
"157",157,72.19045,"father"
"158",158,75.43393,"father"
"159",159,64.51788,"father"
"160",160,66.36335,"father"
"161",161,65.56855,"father"
"162",162,66.78957,"father"
"163",163,66.91193,"father"
"164",164,68.1714,"father"
"165",165,67.50102,"father"
"166",166,67.83492,"father"
"167",167,68.95255,"father"
"168",168,69.26,"father"
"169",169,68.74223,"father"
"170",170,69.74288,"father"
"171",171,70.29942,"father"
"172",172,70.04402,"father"
"173",173,70.23559,"father"
"174",174,70.88075,"father"
"175",175,71.19091,"father"
"176",176,72.37396,"father"
"177",177,73.03345,"father"
"178",178,74.8083,"father"
"179",179,67.39521,"father"
"180",180,67.31523,"father"
"181",181,67.77952,"father"
"182",182,69.33827,"father"
"183",183,68.72404,"father"
"184",184,69.98991,"father"
"185",185,69.75383,"father"
"186",186,70.65942,"father"
"187",187,71.10882,"father"
"188",188,72.4811,"father"
"189",189,72.4801,"father"
"190",190,67.52214,"father"
"191",191,68.23931,"father"
"192",192,68.7997,"father"
"193",193,69.89568,"father"
"194",194,71.48641,"father"
"195",195,70.76482,"father"
"196",196,71.9137,"father"
"197",197,63.08399,"father"
"198",198,68.23241,"father"
"199",199,70.05787,"father"
"200",200,70.83996,"father"
"201",201,72.56944,"father"
"202",202,67.93353,"father"
"203",203,67.54033,"father"
"204",204,72.79855,"father"
"205",205,62.67482,"father"
"206",206,68.19196,"father"
"207",207,65.07215,"father"
"208",208,73.42952,"father"
"209",209,62.94125,"father"
"210",210,62.53667,"father"
"211",211,69.90248,"father"
"212",212,71.07217,"father"
"213",213,71.11059,"father"
"214",214,69.48402,"father"
"215",215,70.18338,"father"
"216",216,65.46124,"father"
"217",217,62.04073,"father"
"218",218,63.60063,"father"
"219",219,65.60613,"father"
"220",220,68.02969,"father"
"221",221,61.81571,"father"
"222",222,63.78886,"father"
"223",223,64.89023,"father"
"224",224,65.79072,"father"
"225",225,66.42371,"father"
"226",226,68.80877,"father"
"227",227,61.76521,"father"
"228",228,64.30302,"father"
"229",229,63.69064,"father"
"230",230,64.99662,"father"
"231",231,65.34899,"father"
"232",232,64.81278,"father"
"233",233,65.71736,"father"
"234",234,66.03148,"father"
"235",235,67.04912,"father"
"236",236,67.77522,"father"
"237",237,69.04964,"father"
"238",238,62.1833,"father"
"239",239,62.76393,"father"
"240",240,63.88391,"father"
"241",241,65.41055,"father"
"242",242,64.62347,"father"
"243",243,65.64621,"father"
"244",244,66.16257,"father"
"245",245,65.99538,"father"
"246",246,65.79786,"father"
"247",247,67.42936,"father"
"248",248,67.11933,"father"
"249",249,67.32907,"father"
"250",250,67.86233,"father"
"251",251,68.31609,"father"
"252",252,67.96359,"father"
"253",253,68.68615,"father"
"254",254,71.18085,"father"
"255",255,62.4296,"father"
"256",256,62.88524,"father"
"257",257,64.07313,"father"
"258",258,63.88597,"father"
"259",259,64.8272,"father"
"260",260,65.39653,"father"
"261",261,64.77344,"father"
"262",262,68.66581,"father"
"263",263,65.19783,"father"
"264",264,64.32621,"father"
"265",265,66.08278,"father"
"266",266,69.01679,"father"
"267",267,64.50194,"father"
"268",268,66.07654,"father"
"269",269,65.73631,"father"
"270",270,66.45485,"father"
"271",271,65.63018,"father"
"272",272,66.39423,"father"
"273",273,67.33687,"father"
"274",274,66.83938,"father"
"275",275,66.69739,"father"
"276",276,67.34708,"father"
"277",277,67.35319,"father"
"278",278,67.93575,"father"
"279",279,67.76608,"father"
"280",280,68.11569,"father"
"281",281,68.2548,"father"
"282",282,68.83427,"father"
"283",283,69.40758,"father"
"284",284,69.32068,"father"
"285",285,70.48,"father"
"286",286,70.06429,"father"
"287",287,70.63764,"father"
"288",288,62.41134,"father"
"289",289,63.15274,"father"
"290",290,63.51409,"father"
"291",291,63.91446,"father"
"292",292,64.61683,"father"
"293",293,64.86185,"father"
"294",294,65.91332,"father"
"295",295,66.1992,"father"
"296",296,66.45978,"father"
"297",297,65.50286,"father"
"298",298,66.87795,"father"
"299",299,67.0791,"father"
"300",300,66.83256,"father"
"301",301,67.18231,"father"
"302",302,66.51763,"father"
"303",303,66.95295,"father"
"304",304,66.63586,"father"
"305",305,68.18453,"father"
"306",306,67.60565,"father"
"307",307,68.27918,"father"
"308",308,67.97994,"father"
"309",309,69.00094,"father"
"310",310,69.31139,"father"
"311",311,68.88641,"father"
"312",312,68.94824,"father"
"313",313,69.42186,"father"
"314",314,69.49516,"father"
"315",315,70.34647,"father"
"316",316,69.92358,"father"
"317",317,70.69078,"father"
"318",318,70.56571,"father"
"319",319,72.40997,"father"
"320",320,72.47685,"father"
"321",321,62.72118,"father"
"322",322,63.9001,"father"
"323",323,64.50433,"father"
"324",324,64.81813,"father"
"325",325,65.37582,"father"
"326",326,65.82612,"father"
"327",327,66.29436,"father"
"328",328,65.81042,"father"
"329",329,66.80854,"father"
"330",330,67.16724,"father"
"331",331,67.30525,"father"
"332",332,67.54577,"father"
"333",333,67.86855,"father"
"334",334,68.35003,"father"
"335",335,67.60818,"father"
"336",336,68.48397,"father"
"337",337,68.56724,"father"
"338",338,69.07405,"father"
"339",339,68.56831,"father"
"340",340,69.15373,"father"
"341",341,68.60744,"father"
"342",342,68.5443,"father"
"343",343,69.65536,"father"
"344",344,70.41632,"father"
"345",345,69.97528,"father"
"346",346,70.26613,"father"
"347",347,71.31667,"father"
"348",348,71.29178,"father"
"349",349,72.59442,"father"
"350",350,64.40268,"father"
"351",351,64.9127,"father"
"352",352,66.34756,"father"
"353",353,66.04291,"father"
"354",354,65.69477,"father"
"355",355,66.71512,"father"
"356",356,66.64971,"father"
"357",357,68.33241,"father"
"358",358,67.94335,"father"
"359",359,67.96734,"father"
"360",360,68.27657,"father"
"361",361,68.75008,"father"
"362",362,69.05441,"father"
"363",363,69.00755,"father"
"364",364,69.39488,"father"
"365",365,69.7628,"father"
"366",366,69.6464,"father"
"367",367,70.45427,"father"
"368",368,69.89852,"father"
"369",369,70.984,"father"
"370",370,71.22015,"father"
"371",371,71.45442,"father"
"372",372,71.60966,"father"
"373",373,73.20296,"father"
"374",374,63.89132,"father"
"375",375,65.99384,"father"
"376",376,66.0424,"father"
"377",377,67.47658,"father"
"378",378,66.68527,"father"
"379",379,68.27034,"father"
"380",380,67.72898,"father"
"381",381,68.28372,"father"
"382",382,68.39453,"father"
"383",383,69.12925,"father"
"384",384,69.10844,"father"
"385",385,69.74196,"father"
"386",386,69.9987,"father"
"387",387,69.56148,"father"
"388",388,69.97779,"father"
"389",389,70.88691,"father"
"390",390,70.64687,"father"
"391",391,72.26404,"father"
"392",392,71.50569,"father"
"393",393,73.01402,"father"
"394",394,66.20254,"father"
"395",395,67.26312,"father"
"396",396,67.8086,"father"
"397",397,69.08284,"father"
"398",398,69.35107,"father"
"399",399,69.59962,"father"
"400",400,70.08948,"father"
"401",401,70.18385,"father"
"402",402,71.26955,"father"
"403",403,72.07717,"father"
"404",404,72.33894,"father"
"405",405,67.06776,"father"
"406",406,67.85929,"father"
"407",407,69.07274,"father"
"408",408,69.59893,"father"
"409",409,69.73728,"father"
"410",410,70.54066,"father"
"411",411,72.40962,"father"
"412",412,72.78889,"father"
"413",413,68.10144,"father"
"414",414,68.6106,"father"
"415",415,71.293,"father"
"416",416,72.09445,"father"
"417",417,74.69236,"father"
"418",418,71.16246,"father"
"419",419,68.30804,"father"
"420",420,60.41857,"father"
"421",421,63.94459,"father"
"422",422,63.06849,"father"
"423",423,63.98036,"father"
"424",424,73.89524,"father"
"425",425,72.03687,"father"
"426",426,61.02471,"father"
"427",427,65.39914,"father"
"428",428,71.96564,"father"
"429",429,71.29643,"father"
"430",430,65.15837,"father"
"431",431,68.90263,"father"
"432",432,64.45192,"father"
"433",433,63.99469,"father"
"434",434,66.46124,"father"
"435",435,67.12556,"father"
"436",436,62.27941,"father"
"437",437,63.8488,"father"
"438",438,65.43612,"father"
"439",439,65.62145,"father"
"440",440,66.16956,"father"
"441",441,67.62675,"father"
"442",442,60.21393,"father"
"443",443,62.99378,"father"
"444",444,63.57239,"father"
"445",445,65.15088,"father"
"446",446,65.13462,"father"
"447",447,64.79732,"father"
"448",448,66.24856,"father"
"449",449,66.22743,"father"
"450",450,66.6056,"father"
"451",451,67.99167,"father"
"452",452,69.04862,"father"
"453",453,62.12902,"father"
"454",454,63.16227,"father"
"455",455,64.45497,"father"
"456",456,63.75483,"father"
"457",457,64.63959,"father"
"458",458,64.59106,"father"
"459",459,66.06003,"father"
"460",460,65.98544,"father"
"461",461,65.66176,"father"
"462",462,67.11501,"father"
"463",463,67.31302,"father"
"464",464,67.16149,"father"
"465",465,68.38679,"father"
"466",466,67.64175,"father"
"467",467,67.55466,"father"
"468",468,68.53614,"father"
"469",469,70.02702,"father"
"470",470,61.07412,"father"
"471",471,62.72387,"father"
"472",472,64.28642,"father"
"473",473,64.11073,"father"
"474",474,63.68318,"father"
"475",475,64.68393,"father"
"476",476,64.66753,"father"
"477",477,67.95848,"father"
"478",478,64.60933,"father"
"479",479,66.07775,"father"
"480",480,65.25267,"father"
"481",481,69.67201,"father"
"482",482,65.33965,"father"
"483",483,65.54375,"father"
"484",484,66.1112,"father"
"485",485,66.22968,"father"
"486",486,66.00879,"father"
"487",487,66.03248,"father"
"488",488,65.94624,"father"
"489",489,67.09734,"father"
"490",490,66.98893,"father"
"491",491,67.38837,"father"
"492",492,67.4075,"father"
"493",493,67.31108,"father"
"494",494,68.27151,"father"
"495",495,68.33586,"father"
"496",496,67.56752,"father"
"497",497,68.23182,"father"
"498",498,69.07604,"father"
"499",499,68.77033,"father"
"500",500,70.49154,"father"
"501",501,70.00767,"father"
"502",502,69.52007,"father"
"503",503,61.50617,"father"
"504",504,62.93875,"father"
"505",505,64.10318,"father"
"506",506,63.85157,"father"
"507",507,65.08731,"father"
"508",508,64.62588,"father"
"509",509,65.8912,"father"
"510",510,66.24386,"father"
"511",511,65.66031,"father"
"512",512,66.05344,"father"
"513",513,66.30711,"father"
"514",514,67.15303,"father"
"515",515,66.90986,"father"
"516",516,66.89436,"father"
"517",517,66.56566,"father"
"518",518,67.23789,"father"
"519",519,67.05684,"father"
"520",520,67.94515,"father"
"521",521,67.94026,"father"
"522",522,67.84234,"father"
"523",523,67.91887,"father"
"524",524,68.63961,"father"
"525",525,68.60477,"father"
"526",526,69.04036,"father"
"527",527,69.03336,"father"
"528",528,69.12497,"father"
"529",529,68.53779,"father"
"530",530,70.24335,"father"
"531",531,69.84308,"father"
"532",532,69.90057,"father"
"533",533,71.48946,"father"
"534",534,72.37013,"father"
"535",535,71.94413,"father"
"536",536,61.01904,"father"
"537",537,63.0108,"father"
"538",538,64.5793,"father"
"539",539,65.39658,"father"
"540",540,64.84995,"father"
"541",541,65.54542,"father"
"542",542,65.56421,"father"
"543",543,66.09747,"father"
"544",544,67.40602,"father"
"545",545,66.5839,"father"
"546",546,67.41035,"father"
"547",547,67.21634,"father"
"548",548,68.23175,"father"
"549",549,67.88053,"father"
"550",550,68.0153,"father"
"551",551,67.69332,"father"
"552",552,68.85462,"father"
"553",553,68.73264,"father"
"554",554,69.0711,"father"
"555",555,68.79964,"father"
"556",556,68.79876,"father"
"557",557,69.32241,"father"
"558",558,69.60923,"father"
"559",559,69.76071,"father"
"560",560,70.1611,"father"
"561",561,70.12109,"father"
"562",562,71.10802,"father"
"563",563,71.44164,"father"
"564",564,71.75006,"father"
"565",565,64.35591,"father"
"566",566,65.16253,"father"
"567",567,66.09529,"father"
"568",568,65.78674,"father"
"569",569,65.53927,"father"
"570",570,66.71703,"father"
"571",571,67.17284,"father"
"572",572,67.16853,"father"
"573",573,68.06061,"father"
"574",574,67.85988,"father"
"575",575,68.1968,"father"
"576",576,69.29537,"father"
"577",577,68.84067,"father"
"578",578,69.18095,"father"
"579",579,68.69659,"father"
"580",580,69.45833,"father"
"581",581,70.0483,"father"
"582",582,69.6916,"father"
"583",583,70.20658,"father"
"584",584,70.79086,"father"
"585",585,70.87977,"father"
"586",586,71.30702,"father"
"587",587,72.3266,"father"
"588",588,72.7824,"father"
"589",589,64.40052,"father"
"590",590,64.89121,"father"
"591",591,65.84506,"father"
"592",592,67.35461,"father"
"593",593,67.44953,"father"
"594",594,67.86439,"father"
"595",595,67.92443,"father"
"596",596,68.49998,"father"
"597",597,67.60602,"father"
"598",598,69.37288,"father"
"599",599,69.34931,"father"
"600",600,69.48306,"father"
"601",601,70.21887,"father"
"602",602,70.02161,"father"
"603",603,69.83698,"father"
"604",604,69.6041,"father"
"605",605,71.49829,"father"
"606",606,72.16894,"father"
"607",607,72.41045,"father"
"608",608,72.52521,"father"
"609",609,64.6702,"father"
"610",610,66.78417,"father"
"611",611,67.83401,"father"
"612",612,68.15907,"father"
"613",613,69.19301,"father"
"614",614,68.86739,"father"
"615",615,70.11126,"father"
"616",616,70.12007,"father"
"617",617,71.03691,"father"
"618",618,71.43196,"father"
"619",619,72.04564,"father"
"620",620,72.738,"father"
"621",621,68.02564,"father"
"622",622,69.04939,"father"
"623",623,68.86356,"father"
"624",624,69.63421,"father"
"625",625,71.24085,"father"
"626",626,71.95679,"father"
"627",627,72.89983,"father"
"628",628,65.86028,"father"
"629",629,68.48883,"father"
"630",630,70.72676,"father"
"631",631,72.34582,"father"
"632",632,72.59922,"father"
"633",633,68.82986,"father"
"634",634,73.49987,"father"
"635",635,70.0599,"father"
"636",636,67.9291,"father"
"637",637,64.66998,"father"
"638",638,60.7795,"father"
"639",639,74.94058,"father"
"640",640,70.64925,"father"
"641",641,60.91526,"father"
"642",642,65.28934,"father"
"643",643,71.362,"father"
"644",644,71.66893,"father"
"645",645,62.68868,"father"
"646",646,71.39326,"father"
"647",647,66.56302,"father"
"648",648,67.18788,"father"
"649",649,62.532,"father"
"650",650,64.85512,"father"
"651",651,66.94161,"father"
"652",652,62.3603,"father"
"653",653,63.58145,"father"
"654",654,65.44633,"father"
"655",655,65.00539,"father"
"656",656,66.43717,"father"
"657",657,66.6676,"father"
"658",658,59.4898,"father"
"659",659,63.00108,"father"
"660",660,64.0892,"father"
"661",661,64.0753,"father"
"662",662,64.52103,"father"
"663",663,65.19231,"father"
"664",664,66.30604,"father"
"665",665,66.03081,"father"
"666",666,66.83096,"father"
"667",667,68.19724,"father"
"668",668,68.6599,"father"
"669",669,61.29369,"father"
"670",670,63.26089,"father"
"671",671,63.86162,"father"
"672",672,64.13176,"father"
"673",673,64.81105,"father"
"674",674,64.55987,"father"
"675",675,66.19437,"father"
"676",676,66.5,"father"
"677",677,66.43436,"father"
"678",678,67.30468,"father"
"679",679,67.36559,"father"
"680",680,67.29162,"father"
"681",681,67.69874,"father"
"682",682,68.38221,"father"
"683",683,67.76712,"father"
"684",684,69.29587,"father"
"685",685,69.66477,"father"
"686",686,60.03436,"father"
"687",687,62.1356,"father"
"688",688,63.64047,"father"
"689",689,63.82278,"father"
"690",690,64.46555,"father"
"691",691,64.73798,"father"
"692",692,65.43021,"father"
"693",693,65.07381,"father"
"694",694,69.29517,"father"
"695",695,67.67996,"father"
"696",696,64.94267,"father"
"697",697,69.47933,"father"
"698",698,65.05963,"father"
"699",699,65.01253,"father"
"700",700,65.61963,"father"
"701",701,65.94819,"father"
"702",702,65.68803,"father"
"703",703,65.87689,"father"
"704",704,65.91481,"father"
"705",705,67.41946,"father"
"706",706,66.53833,"father"
"707",707,67.41995,"father"
"708",708,67.21977,"father"
"709",709,67.33721,"father"
"710",710,68.11283,"father"
"711",711,68.02017,"father"
"712",712,68.02829,"father"
"713",713,68.35139,"father"
"714",714,68.80254,"father"
"715",715,69.49307,"father"
"716",716,70.2297,"father"
"717",717,69.71997,"father"
"718",718,70.16651,"father"
"719",719,61.07369,"father"
"720",720,62.66947,"father"
"721",721,64.32254,"father"
"722",722,64.27362,"father"
"723",723,64.96148,"father"
"724",724,64.77222,"father"
"725",725,66.2365,"father"
"726",726,66.10686,"father"
"727",727,66.42772,"father"
"728",728,66.22727,"father"
"729",729,65.87574,"father"
"730",730,67.03017,"father"
"731",731,67.48545,"father"
"732",732,66.7367,"father"
"733",733,66.69181,"father"
"734",734,67.31766,"father"
"735",735,67.1219,"father"
"736",736,67.82592,"father"
"737",737,68.4376,"father"
"738",738,67.74551,"father"
"739",739,68.0934,"father"
"740",740,67.71665,"father"
"741",741,68.99349,"father"
"742",742,69.24616,"father"
"743",743,69.2828,"father"
"744",744,69.26254,"father"
"745",745,68.75605,"father"
"746",746,69.62519,"father"
"747",747,69.61942,"father"
"748",748,69.94715,"father"
"749",749,70.58916,"father"
"750",750,72.34058,"father"
"751",751,71.56142,"father"
"752",752,72.94457,"father"
"753",753,63.33777,"father"
"754",754,64.3445,"father"
"755",755,65.14077,"father"
"756",756,65.2424,"father"
"757",757,65.90397,"father"
"758",758,65.98763,"father"
"759",759,65.57065,"father"
"760",760,65.82733,"father"
"761",761,66.88576,"father"
"762",762,66.98594,"father"
"763",763,67.41537,"father"
"764",764,67.93319,"father"
"765",765,67.77812,"father"
"766",766,68.44999,"father"
"767",767,68.32281,"father"
"768",768,68.35148,"father"
"769",769,68.73678,"father"
"770",770,68.97673,"father"
"771",771,69.31931,"father"
"772",772,68.80442,"father"
"773",773,68.90434,"father"
"774",774,69.80381,"father"
"775",775,69.66712,"father"
"776",776,70.38052,"father"
"777",777,70.29892,"father"
"778",778,71.02634,"father"
"779",779,71.28432,"father"
"780",780,72.03259,"father"
"781",781,63.26539,"father"
"782",782,64.87623,"father"
"783",783,65.72722,"father"
"784",784,66.13831,"father"
"785",785,66.48902,"father"
"786",786,66.06395,"father"
"787",787,66.73532,"father"
"788",788,67.12329,"father"
"789",789,67.57161,"father"
"790",790,68.18286,"father"
"791",791,68.33868,"father"
"792",792,68.14658,"father"
"793",793,69.17022,"father"
"794",794,69.17597,"father"
"795",795,68.52789,"father"
"796",796,68.84874,"father"
"797",797,69.69833,"father"
"798",798,69.86528,"father"
"799",799,70.48646,"father"
"800",800,71.16238,"father"
"801",801,70.58946,"father"
"802",802,70.54353,"father"
"803",803,72.38576,"father"
"804",804,73.18522,"father"
"805",805,64.12344,"father"
"806",806,64.62855,"father"
"807",807,65.74244,"father"
"808",808,67.11563,"father"
"809",809,66.81497,"father"
"810",810,68.38001,"father"
"811",811,68.33835,"father"
"812",812,68.25066,"father"
"813",813,68.36488,"father"
"814",814,68.67873,"father"
"815",815,68.70293,"father"
"816",816,69.0466,"father"
"817",817,70.17375,"father"
"818",818,69.86849,"father"
"819",819,70.15821,"father"
"820",820,70.24204,"father"
"821",821,71.41811,"father"
"822",822,70.66031,"father"
"823",823,72.42614,"father"
"824",824,73.04341,"father"
"825",825,64.6891,"father"
"826",826,67.09928,"father"
"827",827,67.79858,"father"
"828",828,68.37299,"father"
"829",829,69.19364,"father"
"830",830,68.5938,"father"
"831",831,69.86969,"father"
"832",832,70.17952,"father"
"833",833,70.51811,"father"
"834",834,71.00743,"father"
"835",835,71.83086,"father"
"836",836,72.81121,"father"
"837",837,67.95451,"father"
"838",838,67.81317,"father"
"839",839,69.32812,"father"
"840",840,70.45127,"father"
"841",841,71.38916,"father"
"842",842,72.31022,"father"
"843",843,71.8821,"father"
"844",844,64.61601,"father"
"845",845,67.75382,"father"
"846",846,69.90335,"father"
"847",847,70.87039,"father"
"848",848,72.71533,"father"
"849",849,69.03942,"father"
"850",850,72.44463,"father"
"851",851,69.07253,"father"
"852",852,70.1758,"father"
"853",853,72.37219,"father"
"854",854,59.63777,"father"
"855",855,73.27737,"father"
"856",856,68.12621,"father"
"857",857,63.15234,"father"
"858",858,66.00489,"father"
"859",859,71.45303,"father"
"860",860,68.1456,"father"
"861",861,65.25527,"father"
"862",862,70.41584,"father"
"863",863,68.38452,"father"
"864",864,61.89133,"father"
"865",865,64.98391,"father"
"866",866,66.21887,"father"
"867",867,59.48391,"father"
"868",868,62.77645,"father"
"869",869,63.86507,"father"
"870",870,64.56486,"father"
"871",871,65.60265,"father"
"872",872,66.28333,"father"
"873",873,70.55256,"father"
"874",874,62.14539,"father"
"875",875,64.37906,"father"
"876",876,64.35191,"father"
"877",877,64.91304,"father"
"878",878,65.33085,"father"
"879",879,65.17545,"father"
"880",880,66.10285,"father"
"881",881,66.05004,"father"
"882",882,67.38231,"father"
"883",883,67.83999,"father"
"884",884,70.27309,"father"
"885",885,63.19263,"father"
"886",886,63.66834,"father"
"887",887,64.12671,"father"
"888",888,64.71388,"father"
"889",889,65.14662,"father"
"890",890,65.94428,"father"
"891",891,65.67785,"father"
"892",892,65.95134,"father"
"893",893,67.30819,"father"
"894",894,66.69404,"father"
"895",895,66.56885,"father"
"896",896,66.80951,"father"
"897",897,68.24011,"father"
"898",898,67.5344,"father"
"899",899,68.4157,"father"
"900",900,69.09588,"father"
"901",901,70.81036,"father"
"902",902,61.68183,"father"
"903",903,63.04493,"father"
"904",904,64.34945,"father"
"905",905,63.89336,"father"
"906",906,65.48176,"father"
"907",907,64.726,"father"
"908",908,64.65128,"father"
"909",909,67.47271,"father"
"910",910,66.76701,"father"
"911",911,64.98147,"father"
"912",912,69.38684,"father"
"913",913,63.7123,"father"
"914",914,64.63358,"father"
"915",915,66.00037,"father"
"916",916,65.96621,"father"
"917",917,66.49751,"father"
"918",918,66.27177,"father"
"919",919,65.67892,"father"
"920",920,66.86814,"father"
"921",921,66.73495,"father"
"922",922,66.53357,"father"
"923",923,67.05051,"father"
"924",924,67.04958,"father"
"925",925,67.55908,"father"
"926",926,67.58076,"father"
"927",927,67.51942,"father"
"928",928,68.12592,"father"
"929",929,68.57465,"father"
"930",930,68.52484,"father"
"931",931,69.20286,"father"
"932",932,69.7551,"father"
"933",933,69.91868,"father"
"934",934,70.50329,"father"
"935",935,62.83528,"father"
"936",936,63.24504,"father"
"937",937,64.44602,"father"
"938",938,64.31819,"father"
"939",939,64.73521,"father"
"940",940,64.72352,"father"
"941",941,65.97741,"father"
"942",942,65.63739,"father"
"943",943,65.83449,"father"
"944",944,65.87064,"father"
"945",945,66.61001,"father"
"946",946,66.75821,"father"
"947",947,66.77012,"father"
"948",948,67.21373,"father"
"949",949,67.09047,"father"
"950",950,66.93359,"father"
"951",951,68.03852,"father"
"952",952,67.98476,"father"
"953",953,68.25046,"father"
"954",954,68.26078,"father"
"955",955,68.21235,"father"
"956",956,68.54029,"father"
"957",957,68.50469,"father"
"958",958,69.13248,"father"
"959",959,69.21981,"father"
"960",960,69.34385,"father"
"961",961,69.41153,"father"
"962",962,70.25056,"father"
"963",963,69.68641,"father"
"964",964,70.51091,"father"
"965",965,71.29598,"father"
"966",966,72.20218,"father"
"967",967,72.33929,"father"
"968",968,62.91628,"father"
"969",969,63.93525,"father"
"970",970,64.59851,"father"
"971",971,65.47401,"father"
"972",972,65.864,"father"
"973",973,66.30684,"father"
"974",974,65.77587,"father"
"975",975,66.48386,"father"
"976",976,67.31983,"father"
"977",977,67.39901,"father"
"978",978,67.05939,"father"
"979",979,68.45161,"father"
"980",980,67.7061,"father"
"981",981,68.08389,"father"
"982",982,67.58923,"father"
"983",983,67.80388,"father"
"984",984,69.25919,"father"
"985",985,69.05302,"father"
"986",986,68.70921,"father"
"987",987,69.02788,"father"
"988",988,68.94943,"father"
"989",989,68.81536,"father"
"990",990,69.91801,"father"
"991",991,70.45072,"father"
"992",992,69.96349,"father"
"993",993,69.75787,"father"
"994",994,71.38281,"father"
"995",995,71.08122,"father"
"996",996,72.74936,"father"
"997",997,65.26855,"father"
"998",998,66.01549,"father"
"999",999,65.5142,"father"
"1000",1000,65.62374,"father"
"1001",1001,65.92199,"father"
"1002",1002,67.11129,"father"
"1003",1003,66.89727,"father"
"1004",1004,67.94195,"father"
"1005",1005,67.7274,"father"
"1006",1006,67.54999,"father"
"1007",1007,67.96013,"father"
"1008",1008,68.83038,"father"
"1009",1009,69.43917,"father"
"1010",1010,68.55957,"father"
"1011",1011,69.10638,"father"
"1012",1012,70.4814,"father"
"1013",1013,69.92992,"father"
"1014",1014,70.04238,"father"
"1015",1015,69.56779,"father"
"1016",1016,71.01077,"father"
"1017",1017,70.62603,"father"
"1018",1018,71.46383,"father"
"1019",1019,71.62112,"father"
"1020",1020,73.87758,"father"
"1021",1021,65.00573,"father"
"1022",1022,66.30354,"father"
"1023",1023,65.86743,"father"
"1024",1024,66.86667,"father"
"1025",1025,67.15958,"father"
"1026",1026,68.06904,"father"
"1027",1027,67.57382,"father"
"1028",1028,67.63354,"father"
"1029",1029,69.41356,"father"
"1030",1030,68.87192,"father"
"1031",1031,69.07779,"father"
"1032",1032,69.81177,"father"
"1033",1033,70.01463,"father"
"1034",1034,69.56649,"father"
"1035",1035,70.254,"father"
"1036",1036,70.68296,"father"
"1037",1037,70.87874,"father"
"1038",1038,72.45099,"father"
"1039",1039,73.04359,"father"
"1040",1040,74.40915,"father"
"1041",1041,67.40139,"father"
"1042",1042,66.53122,"father"
"1043",1043,68.04593,"father"
"1044",1044,68.82772,"father"
"1045",1045,69.33069,"father"
"1046",1046,70.34676,"father"
"1047",1047,70.173,"father"
"1048",1048,70.80883,"father"
"1049",1049,70.7029,"father"
"1050",1050,72.35959,"father"
"1051",1051,72.3661,"father"
"1052",1052,67.17534,"father"
"1053",1053,67.84045,"father"
"1054",1054,68.9053,"father"
"1055",1055,70.3752,"father"
"1056",1056,71.18523,"father"
"1057",1057,71.41254,"father"
"1058",1058,71.70673,"father"
"1059",1059,72.60072,"father"
"1060",1060,67.57652,"father"
"1061",1061,68.55814,"father"
"1062",1062,70.95019,"father"
"1063",1063,71.99783,"father"
"1064",1064,75.17469,"father"
"1065",1065,73.07157,"father"
"1066",1066,69.92407,"father"
"1067",1067,65.54323,"father"
"1068",1068,72.56261,"father"
"1069",1069,72.15051,"father"
"1070",1070,63.22006,"father"
"1071",1071,73.2645,"father"
"1072",1072,65.81296,"father"
"1073",1073,67.70657,"father"
"1074",1074,66.99681,"father"
"1075",1075,71.33181,"father"
"1076",1076,71.78314,"father"
"1077",1077,70.73837,"father"
"1078",1078,70.30609,"father"
"1079",1079,59.77827,"son"
"1080",1080,63.21404,"son"
"1081",1081,63.34242,"son"
"1082",1082,62.79238,"son"
"1083",1083,64.28113,"son"
"1084",1084,64.24221,"son"
"1085",1085,64.08231,"son"
"1086",1086,63.99574,"son"
"1087",1087,64.61338,"son"
"1088",1088,63.97944,"son"
"1089",1089,65.24451,"son"
"1090",1090,65.35102,"son"
"1091",1091,65.67992,"son"
"1092",1092,65.43664,"son"
"1093",1093,65.29391,"son"
"1094",1094,64.79017,"son"
"1095",1095,65.01881,"son"
"1096",1096,65.5464,"son"
"1097",1097,65.08145,"son"
"1098",1098,65.49008,"son"
"1099",1099,65.1352,"son"
"1100",1100,65.51262,"son"
"1101",1101,66.58436,"son"
"1102",1102,66.37842,"son"
"1103",1103,66.14782,"son"
"1104",1104,65.97259,"son"
"1105",1105,65.95887,"son"
"1106",1106,66.45202,"son"
"1107",1107,65.74797,"son"
"1108",1108,65.97164,"son"
"1109",1109,65.90548,"son"
"1110",1110,65.90773,"son"
"1111",1111,66.47103,"son"
"1112",1112,65.75023,"son"
"1113",1113,66.34666,"son"
"1114",1114,66.08577,"son"
"1115",1115,66.28037,"son"
"1116",1116,66.34354,"son"
"1117",1117,66.41711,"son"
"1118",1118,67.22558,"son"
"1119",1119,67.46394,"son"
"1120",1120,66.99362,"son"
"1121",1121,66.76647,"son"
"1122",1122,67.0342,"son"
"1123",1123,66.84316,"son"
"1124",1124,69.2989,"son"
"1125",1125,69.09114,"son"
"1126",1126,61.66358,"son"
"1127",1127,65.7288,"son"
"1128",1128,68.98012,"son"
"1129",1129,67.37397,"son"
"1130",1130,67.17459,"son"
"1131",1131,67.06712,"son"
"1132",1132,67.29446,"son"
"1133",1133,67.62665,"son"
"1134",1134,67.47923,"son"
"1135",1135,66.92162,"son"
"1136",1136,67.58324,"son"
"1137",1137,67.21191,"son"
"1138",1138,66.81629,"son"
"1139",1139,67.24268,"son"
"1140",1140,67.51036,"son"
"1141",1141,67.57026,"son"
"1142",1142,67.17258,"son"
"1143",1143,67.54129,"son"
"1144",1144,67.37113,"son"
"1145",1145,67.59714,"son"
"1146",1146,67.25104,"son"
"1147",1147,66.82533,"son"
"1148",1148,66.72679,"son"
"1149",1149,66.92996,"son"
"1150",1150,67.64847,"son"
"1151",1151,68.04291,"son"
"1152",1152,68.4885,"son"
"1153",1153,68.04777,"son"
"1154",1154,68.34573,"son"
"1155",1155,68.33829,"son"
"1156",1156,68.3138,"son"
"1157",1157,68.18333,"son"
"1158",1158,68.51056,"son"
"1159",1159,68.12014,"son"
"1160",1160,68.31563,"son"
"1161",1161,68.04774,"son"
"1162",1162,68.61273,"son"
"1163",1163,67.9425,"son"
"1164",1164,68.08381,"son"
"1165",1165,68.36754,"son"
"1166",1166,67.85181,"son"
"1167",1167,68.19806,"son"
"1168",1168,68.01897,"son"
"1169",1169,68.23431,"son"
"1170",1170,67.89742,"son"
"1171",1171,68.62409,"son"
"1172",1172,67.97912,"son"
"1173",1173,68.2668,"son"
"1174",1174,67.94192,"son"
"1175",1175,68.62072,"son"
"1176",1176,68.23857,"son"
"1177",1177,68.58554,"son"
"1178",1178,68.06568,"son"
"1179",1179,68.38188,"son"
"1180",1180,67.75943,"son"
"1181",1181,68.59991,"son"
"1182",1182,67.91483,"son"
"1183",1183,67.83861,"son"
"1184",1184,68.77562,"son"
"1185",1185,69.60782,"son"
"1186",1186,69.69143,"son"
"1187",1187,69.41491,"son"
"1188",1188,69.68931,"son"
"1189",1189,69.20775,"son"
"1190",1190,69.45627,"son"
"1191",1191,69.59614,"son"
"1192",1192,69.27994,"son"
"1193",1193,69.52338,"son"
"1194",1194,68.74406,"son"
"1195",1195,69.30987,"son"
"1196",1196,69.22571,"son"
"1197",1197,69.24073,"son"
"1198",1198,69.4912,"son"
"1199",1199,69.11921,"son"
"1200",1200,68.93751,"son"
"1201",1201,69.45774,"son"
"1202",1202,69.27599,"son"
"1203",1203,69.22869,"son"
"1204",1204,68.70547,"son"
"1205",1205,69.34638,"son"
"1206",1206,68.87137,"son"
"1207",1207,69.30262,"son"
"1208",1208,69.1579,"son"
"1209",1209,69.62727,"son"
"1210",1210,69.11014,"son"
"1211",1211,69.09596,"son"
"1212",1212,69.03281,"son"
"1213",1213,69.85677,"son"
"1214",1214,70.06274,"son"
"1215",1215,69.89765,"son"
"1216",1216,70.26185,"son"
"1217",1217,70.52663,"son"
"1218",1218,70.52744,"son"
"1219",1219,69.7865,"son"
"1220",1220,70.36684,"son"
"1221",1221,69.97604,"son"
"1222",1222,69.83308,"son"
"1223",1223,70.69951,"son"
"1224",1224,70.16871,"son"
"1225",1225,70.11632,"son"
"1226",1226,69.95433,"son"
"1227",1227,70.31279,"son"
"1228",1228,69.80903,"son"
"1229",1229,69.96792,"son"
"1230",1230,69.93939,"son"
"1231",1231,69.73486,"son"
"1232",1232,70.08397,"son"
"1233",1233,70.01015,"son"
"1234",1234,70.65025,"son"
"1235",1235,70.01253,"son"
"1236",1236,70.09077,"son"
"1237",1237,71.34319,"son"
"1238",1238,70.81542,"son"
"1239",1239,71.44929,"son"
"1240",1240,71.18676,"son"
"1241",1241,71.66276,"son"
"1242",1242,71.39516,"son"
"1243",1243,70.73612,"son"
"1244",1244,71.2608,"son"
"1245",1245,71.04721,"son"
"1246",1246,71.2592,"son"
"1247",1247,70.89486,"son"
"1248",1248,71.31732,"son"
"1249",1249,71.55712,"son"
"1250",1250,71.17701,"son"
"1251",1251,71.03412,"son"
"1252",1252,71.37275,"son"
"1253",1253,71.64741,"son"
"1254",1254,71.1205,"son"
"1255",1255,70.91756,"son"
"1256",1256,71.66455,"son"
"1257",1257,72.39198,"son"
"1258",1258,71.87928,"son"
"1259",1259,72.34482,"son"
"1260",1260,72.17265,"son"
"1261",1261,72.52078,"son"
"1262",1262,71.98836,"son"
"1263",1263,72.34482,"son"
"1264",1264,72.45347,"son"
"1265",1265,72.26945,"son"
"1266",1266,71.96844,"son"
"1267",1267,72.18169,"son"
"1268",1268,72.7864,"son"
"1269",1269,73.0414,"son"
"1270",1270,72.87858,"son"
"1271",1271,73.17304,"son"
"1272",1272,73.63274,"son"
"1273",1273,72.88245,"son"
"1274",1274,73.18148,"son"
"1275",1275,74.3209,"son"
"1276",1276,74.40727,"son"
"1277",1277,73.76791,"son"
"1278",1278,73.92119,"son"
"1279",1279,73.75503,"son"
"1280",1280,75.56214,"son"
"1281",1281,75.70222,"son"
"1282",1282,77.21338,"son"
"1283",1283,61.28882,"son"
"1284",1284,74.28343,"son"
"1285",1285,70.93102,"son"
"1286",1286,75.34802,"son"
"1287",1287,61.78758,"son"
"1288",1288,64.00009,"son"
"1289",1289,62.4658,"son"
"1290",1290,73.70465,"son"
"1291",1291,66.3495,"son"
"1292",1292,62.20543,"son"
"1293",1293,65.421,"son"
"1294",1294,63.9922,"son"
"1295",1295,62.78458,"son"
"1296",1296,63.52486,"son"
"1297",1297,63.49966,"son"
"1298",1298,62.89658,"son"
"1299",1299,63.72784,"son"
"1300",1300,63.73231,"son"
"1301",1301,64.39579,"son"
"1302",1302,63.70072,"son"
"1303",1303,64.44796,"son"
"1304",1304,64.2795,"son"
"1305",1305,65.18412,"son"
"1306",1306,65.10118,"son"
"1307",1307,65.56277,"son"
"1308",1308,64.94454,"son"
"1309",1309,65.14227,"son"
"1310",1310,65.16843,"son"
"1311",1311,65.58149,"son"
"1312",1312,65.63474,"son"
"1313",1313,64.87191,"son"
"1314",1314,65.4176,"son"
"1315",1315,64.7231,"son"
"1316",1316,65.84559,"son"
"1317",1317,65.77333,"son"
"1318",1318,66.67371,"son"
"1319",1319,66.54726,"son"
"1320",1320,66.43228,"son"
"1321",1321,66.3326,"son"
"1322",1322,66.24935,"son"
"1323",1323,66.39759,"son"
"1324",1324,66.69366,"son"
"1325",1325,66.22114,"son"
"1326",1326,66.43499,"son"
"1327",1327,66.65758,"son"
"1328",1328,65.76873,"son"
"1329",1329,66.20784,"son"
"1330",1330,66.30166,"son"
"1331",1331,65.81894,"son"
"1332",1332,66.34562,"son"
"1333",1333,66.88369,"son"
"1334",1334,66.8162,"son"
"1335",1335,67.36245,"son"
"1336",1336,67.68308,"son"
"1337",1337,67.19885,"son"
"1338",1338,67.26903,"son"
"1339",1339,67.45131,"son"
"1340",1340,68.95907,"son"
"1341",1341,62.013,"son"
"1342",1342,64.10658,"son"
"1343",1343,66.00879,"son"
"1344",1344,65.77796,"son"
"1345",1345,66.94446,"son"
"1346",1346,66.81229,"son"
"1347",1347,67.01431,"son"
"1348",1348,67.43705,"son"
"1349",1349,66.8442,"son"
"1350",1350,67.25391,"son"
"1351",1351,67.52273,"son"
"1352",1352,67.17782,"son"
"1353",1353,67.6068,"son"
"1354",1354,66.8991,"son"
"1355",1355,66.74675,"son"
"1356",1356,67.16928,"son"
"1357",1357,67.23833,"son"
"1358",1358,66.75589,"son"
"1359",1359,66.79828,"son"
"1360",1360,67.488,"son"
"1361",1361,67.1104,"son"
"1362",1362,67.06455,"son"
"1363",1363,66.93899,"son"
"1364",1364,67.54723,"son"
"1365",1365,66.85662,"son"
"1366",1366,67.70971,"son"
"1367",1367,67.88296,"son"
"1368",1368,68.66534,"son"
"1369",1369,68.58164,"son"
"1370",1370,68.44493,"son"
"1371",1371,68.41199,"son"
"1372",1372,68.44665,"son"
"1373",1373,68.38258,"son"
"1374",1374,67.92987,"son"
"1375",1375,68.3033,"son"
"1376",1376,67.97479,"son"
"1377",1377,68.18304,"son"
"1378",1378,68.57984,"son"
"1379",1379,68.56974,"son"
"1380",1380,67.81854,"son"
"1381",1381,67.8796,"son"
"1382",1382,68.22794,"son"
"1383",1383,68.01258,"son"
"1384",1384,67.85023,"son"
"1385",1385,67.80077,"son"
"1386",1386,68.59968,"son"
"1387",1387,68.08671,"son"
"1388",1388,67.87656,"son"
"1389",1389,68.47849,"son"
"1390",1390,68.60006,"son"
"1391",1391,68.07838,"son"
"1392",1392,68.08199,"son"
"1393",1393,67.73211,"son"
"1394",1394,68.4132,"son"
"1395",1395,68.59541,"son"
"1396",1396,68.28458,"son"
"1397",1397,68.06489,"son"
"1398",1398,68.41445,"son"
"1399",1399,69.36998,"son"
"1400",1400,69.00435,"son"
"1401",1401,69.37297,"son"
"1402",1402,68.89496,"son"
"1403",1403,69.37382,"son"
"1404",1404,69.34415,"son"
"1405",1405,68.96686,"son"
"1406",1406,69.59887,"son"
"1407",1407,69.24597,"son"
"1408",1408,69.68301,"son"
"1409",1409,68.90541,"son"
"1410",1410,69.07283,"son"
"1411",1411,69.03297,"son"
"1412",1412,69.18202,"son"
"1413",1413,69.64233,"son"
"1414",1414,68.82818,"son"
"1415",1415,69.24165,"son"
"1416",1416,69.10265,"son"
"1417",1417,68.98512,"son"
"1418",1418,69.31551,"son"
"1419",1419,69.20435,"son"
"1420",1420,68.93765,"son"
"1421",1421,69.36661,"son"
"1422",1422,68.71181,"son"
"1423",1423,68.75662,"son"
"1424",1424,69.35439,"son"
"1425",1425,69.42891,"son"
"1426",1426,69.52003,"son"
"1427",1427,69.2275,"son"
"1428",1428,69.95069,"son"
"1429",1429,69.9199,"son"
"1430",1430,69.98123,"son"
"1431",1431,69.74222,"son"
"1432",1432,69.82326,"son"
"1433",1433,69.90223,"son"
"1434",1434,70.2992,"son"
"1435",1435,69.83745,"son"
"1436",1436,69.94847,"son"
"1437",1437,70.27479,"son"
"1438",1438,70.67752,"son"
"1439",1439,70.38903,"son"
"1440",1440,70.37578,"son"
"1441",1441,70.60668,"son"
"1442",1442,70.16921,"son"
"1443",1443,69.85223,"son"
"1444",1444,70.23353,"son"
"1445",1445,70.28373,"son"
"1446",1446,70.33881,"son"
"1447",1447,69.81443,"son"
"1448",1448,70.54739,"son"
"1449",1449,69.96746,"son"
"1450",1450,69.73702,"son"
"1451",1451,69.8604,"son"
"1452",1452,70.87111,"son"
"1453",1453,71.36657,"son"
"1454",1454,71.1878,"son"
"1455",1455,70.75001,"son"
"1456",1456,70.72998,"son"
"1457",1457,71.32092,"son"
"1458",1458,70.88794,"son"
"1459",1459,70.9085,"son"
"1460",1460,70.87662,"son"
"1461",1461,71.19803,"son"
"1462",1462,71.31925,"son"
"1463",1463,71.22916,"son"
"1464",1464,71.35939,"son"
"1465",1465,71.60205,"son"
"1466",1466,70.97309,"son"
"1467",1467,71.1886,"son"
"1468",1468,71.40319,"son"
"1469",1469,71.39524,"son"
"1470",1470,70.88752,"son"
"1471",1471,71.27449,"son"
"1472",1472,72.10289,"son"
"1473",1473,72.03197,"son"
"1474",1474,71.9969,"son"
"1475",1475,71.72577,"son"
"1476",1476,71.92914,"son"
"1477",1477,72.20518,"son"
"1478",1478,72.29401,"son"
"1479",1479,72.5854,"son"
"1480",1480,72.04673,"son"
"1481",1481,71.80541,"son"
"1482",1482,71.80464,"son"
"1483",1483,73.06559,"son"
"1484",1484,73.44548,"son"
"1485",1485,73.19223,"son"
"1486",1486,73.37471,"son"
"1487",1487,73.22554,"son"
"1488",1488,72.88357,"son"
"1489",1489,72.77826,"son"
"1490",1490,73.26989,"son"
"1491",1491,73.96165,"son"
"1492",1492,74.64342,"son"
"1493",1493,73.92565,"son"
"1494",1494,74.58767,"son"
"1495",1495,74.31029,"son"
"1496",1496,75.10003,"son"
"1497",1497,77.15504,"son"
"1498",1498,60.78204,"son"
"1499",1499,62.36303,"son"
"1500",1500,66.40186,"son"
"1501",1501,58.50708,"son"
"1502",1502,70.00052,"son"
"1503",1503,70.99433,"son"
"1504",1504,64.96417,"son"
"1505",1505,70.47639,"son"
"1506",1506,69.23383,"son"
"1507",1507,64.90184,"son"
"1508",1508,68.7749,"son"
"1509",1509,69.85805,"son"
"1510",1510,62.52373,"son"
"1511",1511,63.28805,"son"
"1512",1512,63.52861,"son"
"1513",1513,62.87456,"son"
"1514",1514,63.91754,"son"
"1515",1515,64.32325,"son"
"1516",1516,64.22405,"son"
"1517",1517,64.59643,"son"
"1518",1518,64.28548,"son"
"1519",1519,63.78835,"son"
"1520",1520,65.66404,"son"
"1521",1521,64.80838,"son"
"1522",1522,65.63528,"son"
"1523",1523,64.74897,"son"
"1524",1524,64.79081,"son"
"1525",1525,65.10988,"son"
"1526",1526,65.55215,"son"
"1527",1527,65.30083,"son"
"1528",1528,65.1426,"son"
"1529",1529,65.09433,"son"
"1530",1530,64.81397,"son"
"1531",1531,65.95058,"son"
"1532",1532,66.37511,"son"
"1533",1533,66.38624,"son"
"1534",1534,66.31904,"son"
"1535",1535,65.80919,"son"
"1536",1536,66.09556,"son"
"1537",1537,66.49077,"son"
"1538",1538,66.32632,"son"
"1539",1539,66.59779,"son"
"1540",1540,66.00909,"son"
"1541",1541,66.45585,"son"
"1542",1542,66.00818,"son"
"1543",1543,66.46605,"son"
"1544",1544,66.37783,"son"
"1545",1545,66.34685,"son"
"1546",1546,66.31558,"son"
"1547",1547,66.62303,"son"
"1548",1548,66.79229,"son"
"1549",1549,67.5336,"son"
"1550",1550,67.15587,"son"
"1551",1551,66.78051,"son"
"1552",1552,67.25544,"son"
"1553",1553,66.79006,"son"
"1554",1554,66.88298,"son"
"1555",1555,68.1121,"son"
"1556",1556,63.61572,"son"
"1557",1557,63.17978,"son"
"1558",1558,65.67211,"son"
"1559",1559,67.23403,"son"
"1560",1560,67.4089,"son"
"1561",1561,67.57913,"son"
"1562",1562,67.20643,"son"
"1563",1563,67.10018,"son"
"1564",1564,66.80557,"son"
"1565",1565,67.09308,"son"
"1566",1566,66.91372,"son"
"1567",1567,66.77528,"son"
"1568",1568,66.97572,"son"
"1569",1569,67.66639,"son"
"1570",1570,67.62089,"son"
"1571",1571,67.66841,"son"
"1572",1572,67.32572,"son"
"1573",1573,67.04153,"son"
"1574",1574,66.96445,"son"
"1575",1575,67.07223,"son"
"1576",1576,67.169,"son"
"1577",1577,67.48077,"son"
"1578",1578,67.67057,"son"
"1579",1579,66.86465,"son"
"1580",1580,67.04437,"son"
"1581",1581,67.72523,"son"
"1582",1582,68.52969,"son"
"1583",1583,67.8741,"son"
"1584",1584,67.84693,"son"
"1585",1585,68.26632,"son"
"1586",1586,68.18364,"son"
"1587",1587,68.55723,"son"
"1588",1588,67.77137,"son"
"1589",1589,67.92976,"son"
"1590",1590,67.72522,"son"
"1591",1591,67.98916,"son"
"1592",1592,68.0679,"son"
"1593",1593,67.772,"son"
"1594",1594,68.11035,"son"
"1595",1595,68.16623,"son"
"1596",1596,68.61054,"son"
"1597",1597,68.2893,"son"
"1598",1598,68.38263,"son"
"1599",1599,68.6212,"son"
"1600",1600,68.27802,"son"
"1601",1601,67.93914,"son"
"1602",1602,67.7105,"son"
"1603",1603,68.351,"son"
"1604",1604,68.14712,"son"
"1605",1605,67.97421,"son"
"1606",1606,68.23682,"son"
"1607",1607,68.05699,"son"
"1608",1608,68.49856,"son"
"1609",1609,68.58894,"son"
"1610",1610,67.74098,"son"
"1611",1611,68.69765,"son"
"1612",1612,68.63531,"son"
"1613",1613,68.37844,"son"
"1614",1614,69.11352,"son"
"1615",1615,69.35385,"son"
"1616",1616,69.5135,"son"
"1617",1617,69.11,"son"
"1618",1618,69.64324,"son"
"1619",1619,69.40655,"son"
"1620",1620,69.18575,"son"
"1621",1621,68.80709,"son"
"1622",1622,69.11679,"son"
"1623",1623,69.02706,"son"
"1624",1624,69.05703,"son"
"1625",1625,69.14581,"son"
"1626",1626,68.7308,"son"
"1627",1627,68.9798,"son"
"1628",1628,68.95303,"son"
"1629",1629,69.1639,"son"
"1630",1630,68.81649,"son"
"1631",1631,68.73746,"son"
"1632",1632,69.00102,"son"
"1633",1633,69.28222,"son"
"1634",1634,69.37676,"son"
"1635",1635,68.90879,"son"
"1636",1636,69.32318,"son"
"1637",1637,69.63872,"son"
"1638",1638,69.43581,"son"
"1639",1639,68.97885,"son"
"1640",1640,69.54252,"son"
"1641",1641,68.73497,"son"
"1642",1642,69.20127,"son"
"1643",1643,70.36167,"son"
"1644",1644,70.10118,"son"
"1645",1645,70.39507,"son"
"1646",1646,70.03877,"son"
"1647",1647,69.76556,"son"
"1648",1648,70.39131,"son"
"1649",1649,70.0372,"son"
"1650",1650,70.25908,"son"
"1651",1651,69.87081,"son"
"1652",1652,70.69845,"son"
"1653",1653,70.25756,"son"
"1654",1654,69.7177,"son"
"1655",1655,70.31993,"son"
"1656",1656,69.95735,"son"
"1657",1657,69.72691,"son"
"1658",1658,70.22698,"son"
"1659",1659,70.02038,"son"
"1660",1660,70.32035,"son"
"1661",1661,70.39947,"son"
"1662",1662,69.78074,"son"
"1663",1663,69.7598,"son"
"1664",1664,70.53827,"son"
"1665",1665,70.03449,"son"
"1666",1666,70.59135,"son"
"1667",1667,71.13378,"son"
"1668",1668,71.15371,"son"
"1669",1669,71.03018,"son"
"1670",1670,70.93936,"son"
"1671",1671,70.78603,"son"
"1672",1672,71.50695,"son"
"1673",1673,71.57023,"son"
"1674",1674,70.83563,"son"
"1675",1675,70.96118,"son"
"1676",1676,71.55428,"son"
"1677",1677,71.08274,"son"
"1678",1678,71.49587,"son"
"1679",1679,71.36997,"son"
"1680",1680,71.49891,"son"
"1681",1681,71.01177,"son"
"1682",1682,71.62784,"son"
"1683",1683,71.36701,"son"
"1684",1684,71.23426,"son"
"1685",1685,70.90129,"son"
"1686",1686,71.53087,"son"
"1687",1687,72.441,"son"
"1688",1688,72.5999,"son"
"1689",1689,71.79167,"son"
"1690",1690,72.00806,"son"
"1691",1691,72.01746,"son"
"1692",1692,72.44981,"son"
"1693",1693,71.92864,"son"
"1694",1694,72.0908,"son"
"1695",1695,72.57398,"son"
"1696",1696,72.53335,"son"
"1697",1697,71.78483,"son"
"1698",1698,72.57594,"son"
"1699",1699,73.06795,"son"
"1700",1700,73.18852,"son"
"1701",1701,73.39371,"son"
"1702",1702,73.3754,"son"
"1703",1703,73.67679,"son"
"1704",1704,72.84789,"son"
"1705",1705,72.99608,"son"
"1706",1706,74.67822,"son"
"1707",1707,73.8507,"son"
"1708",1708,74.35692,"son"
"1709",1709,73.99906,"son"
"1710",1710,73.92525,"son"
"1711",1711,75.67784,"son"
"1712",1712,76.10484,"son"
"1713",1713,78.2476,"son"
"1714",1714,61.89619,"son"
"1715",1715,69.86215,"son"
"1716",1716,62.26801,"son"
"1717",1717,71.40839,"son"
"1718",1718,71.60925,"son"
"1719",1719,65.51351,"son"
"1720",1720,71.86574,"son"
"1721",1721,71.16645,"son"
"1722",1722,64.53321,"son"
"1723",1723,65.25053,"son"
"1724",1724,69.62871,"son"
"1725",1725,65.10223,"son"
"1726",1726,61.03526,"son"
"1727",1727,63.12132,"son"
"1728",1728,63.5968,"son"
"1729",1729,63.47848,"son"
"1730",1730,63.83162,"son"
"1731",1731,64.18388,"son"
"1732",1732,64.66888,"son"
"1733",1733,64.06363,"son"
"1734",1734,64.38072,"son"
"1735",1735,64.60295,"son"
"1736",1736,64.81735,"son"
"1737",1737,65.22864,"son"
"1738",1738,65.62354,"son"
"1739",1739,65.62755,"son"
"1740",1740,64.8584,"son"
"1741",1741,65.6482,"son"
"1742",1742,65.6904,"son"
"1743",1743,65.58218,"son"
"1744",1744,65.08945,"son"
"1745",1745,64.87234,"son"
"1746",1746,65.68794,"son"
"1747",1747,66.54461,"son"
"1748",1748,66.23255,"son"
"1749",1749,65.91034,"son"
"1750",1750,66.29882,"son"
"1751",1751,66.33603,"son"
"1752",1752,66.19024,"son"
"1753",1753,66.12728,"son"
"1754",1754,66.1938,"son"
"1755",1755,65.82389,"son"
"1756",1756,66.61389,"son"
"1757",1757,66.45299,"son"
"1758",1758,66.25633,"son"
"1759",1759,66.53703,"son"
"1760",1760,66.28457,"son"
"1761",1761,65.90354,"son"
"1762",1762,66.61969,"son"
"1763",1763,66.59349,"son"
"1764",1764,67.30641,"son"
"1765",1765,67.41523,"son"
"1766",1766,67.51658,"son"
"1767",1767,66.94071,"son"
"1768",1768,67.11246,"son"
"1769",1769,66.99107,"son"
"1770",1770,66.94124,"son"
"1771",1771,68.06898,"son"
"1772",1772,67.47908,"son"
"1773",1773,63.00731,"son"
"1774",1774,67.40208,"son"
"1775",1775,68.75691,"son"
"1776",1776,66.90827,"son"
"1777",1777,67.28305,"son"
"1778",1778,67.15978,"son"
"1779",1779,67.12405,"son"
"1780",1780,67.07313,"son"
"1781",1781,67.17665,"son"
"1782",1782,66.74724,"son"
"1783",1783,66.81865,"son"
"1784",1784,67.43735,"son"
"1785",1785,67.37322,"son"
"1786",1786,66.96049,"son"
"1787",1787,67.40154,"son"
"1788",1788,66.91834,"son"
"1789",1789,66.93007,"son"
"1790",1790,66.78425,"son"
"1791",1791,66.7842,"son"
"1792",1792,67.15158,"son"
"1793",1793,67.45025,"son"
"1794",1794,67.68985,"son"
"1795",1795,67.13767,"son"
"1796",1796,67.60589,"son"
"1797",1797,67.96334,"son"
"1798",1798,68.65674,"son"
"1799",1799,68.42972,"son"
"1800",1800,68.01111,"son"
"1801",1801,68.61891,"son"
"1802",1802,68.50647,"son"
"1803",1803,67.77439,"son"
"1804",1804,68.09837,"son"
"1805",1805,68.19228,"son"
"1806",1806,68.54918,"son"
"1807",1807,68.59413,"son"
"1808",1808,68.65282,"son"
"1809",1809,68.40294,"son"
"1810",1810,68.54259,"son"
"1811",1811,68.59444,"son"
"1812",1812,67.87885,"son"
"1813",1813,68.0454,"son"
"1814",1814,67.96346,"son"
"1815",1815,68.55092,"son"
"1816",1816,68.07785,"son"
"1817",1817,67.93252,"son"
"1818",1818,68.5916,"son"
"1819",1819,67.90891,"son"
"1820",1820,68.63842,"son"
"1821",1821,68.6514,"son"
"1822",1822,68.40634,"son"
"1823",1823,68.19563,"son"
"1824",1824,68.3391,"son"
"1825",1825,68.13175,"son"
"1826",1826,67.79551,"son"
"1827",1827,68.24471,"son"
"1828",1828,67.96366,"son"
"1829",1829,68.02669,"son"
"1830",1830,68.07695,"son"
"1831",1831,69.23339,"son"
"1832",1832,69.22874,"son"
"1833",1833,68.9062,"son"
"1834",1834,69.33247,"son"
"1835",1835,69.53206,"son"
"1836",1836,69.02418,"son"
"1837",1837,69.26288,"son"
"1838",1838,69.55433,"son"
"1839",1839,69.3664,"son"
"1840",1840,68.96569,"son"
"1841",1841,69.33038,"son"
"1842",1842,69.10425,"son"
"1843",1843,69.29199,"son"
"1844",1844,69.26009,"son"
"1845",1845,68.71424,"son"
"1846",1846,69.48488,"son"
"1847",1847,69.48141,"son"
"1848",1848,68.88311,"son"
"1849",1849,68.83524,"son"
"1850",1850,69.42378,"son"
"1851",1851,68.82387,"son"
"1852",1852,69.06951,"son"
"1853",1853,69.18528,"son"
"1854",1854,69.26989,"son"
"1855",1855,68.83727,"son"
"1856",1856,69.11594,"son"
"1857",1857,69.39569,"son"
"1858",1858,68.70258,"son"
"1859",1859,70.39288,"son"
"1860",1860,70.49606,"son"
"1861",1861,70.11817,"son"
"1862",1862,69.75304,"son"
"1863",1863,70.25238,"son"
"1864",1864,70.28837,"son"
"1865",1865,69.71807,"son"
"1866",1866,70.13835,"son"
"1867",1867,70.41752,"son"
"1868",1868,69.91638,"son"
"1869",1869,69.7803,"son"
"1870",1870,69.90789,"son"
"1871",1871,70.29221,"son"
"1872",1872,70.20136,"son"
"1873",1873,70.42766,"son"
"1874",1874,70.40239,"son"
"1875",1875,70.65713,"son"
"1876",1876,69.7276,"son"
"1877",1877,70.45174,"son"
"1878",1878,70.52536,"son"
"1879",1879,70.45682,"son"
"1880",1880,70.52011,"son"
"1881",1881,70.25621,"son"
"1882",1882,70.32714,"son"
"1883",1883,71.39933,"son"
"1884",1884,71.03487,"son"
"1885",1885,71.61276,"son"
"1886",1886,70.90129,"son"
"1887",1887,71.36831,"son"
"1888",1888,71.46158,"son"
"1889",1889,71.22939,"son"
"1890",1890,71.59368,"son"
"1891",1891,71.6476,"son"
"1892",1892,71.33885,"son"
"1893",1893,71.13133,"son"
"1894",1894,71.52388,"son"
"1895",1895,70.95837,"son"
"1896",1896,71.48199,"son"
"1897",1897,70.85433,"son"
"1898",1898,71.41922,"son"
"1899",1899,71.30872,"son"
"1900",1900,71.22321,"son"
"1901",1901,71.4506,"son"
"1902",1902,70.76122,"son"
"1903",1903,72.65576,"son"
"1904",1904,71.96434,"son"
"1905",1905,72.3071,"son"
"1906",1906,72.2446,"son"
"1907",1907,72.38029,"son"
"1908",1908,72.04211,"son"
"1909",1909,71.77644,"son"
"1910",1910,72.54877,"son"
"1911",1911,72.57381,"son"
"1912",1912,71.90584,"son"
"1913",1913,72.62022,"son"
"1914",1914,72.4218,"son"
"1915",1915,73.13823,"son"
"1916",1916,73.60773,"son"
"1917",1917,73.2649,"son"
"1918",1918,73.0769,"son"
"1919",1919,73.69792,"son"
"1920",1920,73.60551,"son"
"1921",1921,72.87015,"son"
"1922",1922,73.90142,"son"
"1923",1923,74.32431,"son"
"1924",1924,73.87776,"son"
"1925",1925,74.20972,"son"
"1926",1926,74.47833,"son"
"1927",1927,75.07304,"son"
"1928",1928,76.3516,"son"
"1929",1929,78.36479,"son"
"1930",1930,61.22021,"son"
"1931",1931,72.63356,"son"
"1932",1932,64.94291,"son"
"1933",1933,73.02984,"son"
"1934",1934,71.81569,"son"
"1935",1935,65.29123,"son"
"1936",1936,60.90911,"son"
"1937",1937,72.131,"son"
"1938",1938,70.98853,"son"
"1939",1939,61.7019,"son"
"1940",1940,67.51436,"son"
"1941",1941,64.37789,"son"
"1942",1942,63.2825,"son"
"1943",1943,63.47892,"son"
"1944",1944,63.66235,"son"
"1945",1945,63.94637,"son"
"1946",1946,63.93831,"son"
"1947",1947,63.94722,"son"
"1948",1948,64.08187,"son"
"1949",1949,64.68702,"son"
"1950",1950,64.38337,"son"
"1951",1951,63.91132,"son"
"1952",1952,64.84282,"son"
"1953",1953,65.33216,"son"
"1954",1954,65.2375,"son"
"1955",1955,65.47348,"son"
"1956",1956,65.16309,"son"
"1957",1957,65.35727,"son"
"1958",1958,65.59545,"son"
"1959",1959,64.70258,"son"
"1960",1960,64.76966,"son"
"1961",1961,65.55892,"son"
"1962",1962,65.42338,"son"
"1963",1963,66.54624,"son"
"1964",1964,65.70133,"son"
"1965",1965,66.12315,"son"
"1966",1966,66.2678,"son"
"1967",1967,66.55539,"son"
"1968",1968,66.42398,"son"
"1969",1969,66.50633,"son"
"1970",1970,66.27712,"son"
"1971",1971,66.42142,"son"
"1972",1972,66.25827,"son"
"1973",1973,66.1285,"son"
"1974",1974,66.53558,"son"
"1975",1975,66.32575,"son"
"1976",1976,66.11991,"son"
"1977",1977,65.87925,"son"
"1978",1978,65.70978,"son"
"1979",1979,66.10198,"son"
"1980",1980,67.57237,"son"
"1981",1981,67.4361,"son"
"1982",1982,67.00761,"son"
"1983",1983,67.21048,"son"
"1984",1984,67.1921,"son"
"1985",1985,67.39528,"son"
"1986",1986,67.44979,"son"
"1987",1987,68.18883,"son"
"1988",1988,62.74094,"son"
"1989",1989,66.34954,"son"
"1990",1990,65.69966,"son"
"1991",1991,68.36264,"son"
"1992",1992,67.52548,"son"
"1993",1993,67.24632,"son"
"1994",1994,67.21519,"son"
"1995",1995,67.45383,"son"
"1996",1996,66.93472,"son"
"1997",1997,67.6832,"son"
"1998",1998,66.97218,"son"
"1999",1999,66.73049,"son"
"2000",2000,66.75153,"son"
"2001",2001,67.4346,"son"
"2002",2002,66.92896,"son"
"2003",2003,67.49282,"son"
"2004",2004,66.93944,"son"
"2005",2005,67.03135,"son"
"2006",2006,66.91542,"son"
"2007",2007,66.97758,"son"
"2008",2008,67.14932,"son"
"2009",2009,67.53093,"son"
"2010",2010,67.52202,"son"
"2011",2011,67.27928,"son"
"2012",2012,67.56893,"son"
"2013",2013,67.75773,"son"
"2014",2014,68.10565,"son"
"2015",2015,68.49664,"son"
"2016",2016,68.5851,"son"
"2017",2017,67.85579,"son"
"2018",2018,68.60796,"son"
"2019",2019,68.19156,"son"
"2020",2020,68.25828,"son"
"2021",2021,68.15401,"son"
"2022",2022,68.18623,"son"
"2023",2023,68.16064,"son"
"2024",2024,68.6097,"son"
"2025",2025,68.34391,"son"
"2026",2026,68.65678,"son"
"2027",2027,68.51914,"son"
"2028",2028,67.72093,"son"
"2029",2029,67.96986,"son"
"2030",2030,67.75073,"son"
"2031",2031,68.09745,"son"
"2032",2032,68.64602,"son"
"2033",2033,68.2318,"son"
"2034",2034,68.18244,"son"
"2035",2035,68.15011,"son"
"2036",2036,68.13611,"son"
"2037",2037,68.10048,"son"
"2038",2038,68.53037,"son"
"2039",2039,68.37728,"son"
"2040",2040,68.17652,"son"
"2041",2041,67.7452,"son"
"2042",2042,67.93037,"son"
"2043",2043,68.25872,"son"
"2044",2044,68.33639,"son"
"2045",2045,68.27405,"son"
"2046",2046,69.5816,"son"
"2047",2047,68.70027,"son"
"2048",2048,68.93075,"son"
"2049",2049,68.78663,"son"
"2050",2050,69.0649,"son"
"2051",2051,68.99285,"son"
"2052",2052,68.99516,"son"
"2053",2053,68.73929,"son"
"2054",2054,69.47357,"son"
"2055",2055,69.08392,"son"
"2056",2056,69.07281,"son"
"2057",2057,69.62286,"son"
"2058",2058,69.35683,"son"
"2059",2059,69.16149,"son"
"2060",2060,68.81413,"son"
"2061",2061,68.9529,"son"
"2062",2062,69.47561,"son"
"2063",2063,69.5506,"son"
"2064",2064,69.38889,"son"
"2065",2065,69.57241,"son"
"2066",2066,69.37092,"son"
"2067",2067,68.92229,"son"
"2068",2068,68.71081,"son"
"2069",2069,69.2671,"son"
"2070",2070,68.74473,"son"
"2071",2071,68.81509,"son"
"2072",2072,69.47472,"son"
"2073",2073,69.69307,"son"
"2074",2074,69.65334,"son"
"2075",2075,70.46902,"son"
"2076",2076,70.00607,"son"
"2077",2077,70.61711,"son"
"2078",2078,70.51318,"son"
"2079",2079,69.97204,"son"
"2080",2080,69.92313,"son"
"2081",2081,70.46938,"son"
"2082",2082,69.91923,"son"
"2083",2083,69.71908,"son"
"2084",2084,70.61155,"son"
"2085",2085,70.20868,"son"
"2086",2086,70.27586,"son"
"2087",2087,70.18348,"son"
"2088",2088,70.5115,"son"
"2089",2089,70.50015,"son"
"2090",2090,70.24017,"son"
"2091",2091,70.001,"son"
"2092",2092,70.21726,"son"
"2093",2093,70.20554,"son"
"2094",2094,69.97788,"son"
"2095",2095,70.36632,"son"
"2096",2096,70.38931,"son"
"2097",2097,70.18593,"son"
"2098",2098,70.23168,"son"
"2099",2099,70.74197,"son"
"2100",2100,71.47899,"son"
"2101",2101,71.41695,"son"
"2102",2102,71.20207,"son"
"2103",2103,70.87987,"son"
"2104",2104,71.26557,"son"
"2105",2105,71.41653,"son"
"2106",2106,71.24074,"son"
"2107",2107,71.15528,"son"
"2108",2108,71.20588,"son"
"2109",2109,70.98515,"son"
"2110",2110,71.35642,"son"
"2111",2111,71.21331,"son"
"2112",2112,71.59639,"son"
"2113",2113,71.25854,"son"
"2114",2114,71.53325,"son"
"2115",2115,70.92787,"son"
"2116",2116,71.54787,"son"
"2117",2117,71.07293,"son"
"2118",2118,70.86163,"son"
"2119",2119,72.67319,"son"
"2120",2120,71.77245,"son"
"2121",2121,72.64278,"son"
"2122",2122,72.48159,"son"
"2123",2123,71.9078,"son"
"2124",2124,72.18324,"son"
"2125",2125,72.55104,"son"
"2126",2126,72.33861,"son"
"2127",2127,72.07098,"son"
"2128",2128,72.30647,"son"
"2129",2129,72.05185,"son"
"2130",2130,72.75204,"son"
"2131",2131,72.79178,"son"
"2132",2132,73.50606,"son"
"2133",2133,73.68578,"son"
"2134",2134,72.79593,"son"
"2135",2135,73.41049,"son"
"2136",2136,73.02077,"son"
"2137",2137,73.20758,"son"
"2138",2138,74.49237,"son"
"2139",2139,73.81263,"son"
"2140",2140,73.81376,"son"
"2141",2141,73.82642,"son"
"2142",2142,73.81739,"son"
"2143",2143,75.57544,"son"
"2144",2144,77.23474,"son"
"2145",2145,60.05859,"son"
"2146",2146,76.81927,"son"
"2147",2147,66.72684,"son"
"2148",2148,58.79456,"son"
"2149",2149,67.89277,"son"
"2150",2150,61.04946,"son"
"2151",2151,59.81693,"son"
"2152",2152,70.75232,"son"
"2153",2153,68.26774,"son"
"2154",2154,69.30589,"son"
"2155",2155,69.30199,"son"
"2156",2156,67.015,"son"
